"pft","feature","x","ale_mean","ale_lo","ale_hi","bin_count","n_folds"
"Coccolithophores","ice_area_flux_cumOct",-1094941.9,0.0271927941351967,0.0239029925693029,0.0286467664225677,1145,5
"Coccolithophores","ice_area_flux_cumOct",-1064954.4,0.0100920525883012,0.0108067149606009,0.0113505253921078,1717,5
"Coccolithophores","ice_area_flux_cumOct",-1030765.35,0.00313089381221552,0.00137893597106484,0.00465648470533638,1368,5
"Coccolithophores","ice_area_flux_cumOct",-1004298.8,0.00386843293773573,0.00259468005207869,0.00525488683530732,1645,5
"Coccolithophores","ice_area_flux_cumOct",-989007.35,-0.00263893969557901,-0.00302696388982316,-0.00280401287250829,1478,5
"Coccolithophores","ice_area_flux_cumOct",-974171.25,-0.00375392005738535,-0.00416483728223733,-0.00371605710978036,1370,5
"Coccolithophores","ice_area_flux_cumOct",-955284.2,-0.00399139093220266,-0.00470042157189347,-0.00388509284221961,1618,5
"Coccolithophores","ice_area_flux_cumOct",-940621.85,-0.00432784203935236,-0.00497398864706014,-0.00425541880666599,1616,5
"Coccolithophores","ice_area_flux_cumOct",-920699.95,-0.00386947418364623,-0.00426874688300757,-0.00403609908609404,1343,5
"Coccolithophores","ice_area_flux_cumOct",-902694.95,-0.00348288002644602,-0.0039779069621786,-0.00361556607681494,1409,5
"Coccolithophores","ice_area_flux_cumOct",-891877.3,-0.00398319298969027,-0.00436216112887299,-0.00397303706451562,1694,5
"Coccolithophores","ice_area_flux_cumOct",-883250.7,-0.00390470358003931,-0.00398470338072433,-0.00379771130622512,1307,5
"Coccolithophores","ice_area_flux_cumOct",-869829.35,-0.00315300895796044,-0.00335744670161763,-0.00295997611846296,1634,5
"Coccolithophores","ice_area_flux_cumOct",-851860.75,-0.00334506880534551,-0.00388335596243514,-0.00290512595171782,1483,5
"Coccolithophores","ice_area_flux_cumOct",-838541.05,-0.00299801300818019,-0.00337855838823121,-0.00252885470983974,1545,5
"Coccolithophores","ice_area_flux_cumOct",-828009.4,-0.00261859212170223,-0.00313247343924897,-0.0021520409578947,1332,5
"Coccolithophores","ice_area_flux_cumOct",-801844.95,-0.00220596558307914,-0.00294752400434425,-0.00182092479871739,1681,5
"Coccolithophores","ice_area_flux_cumOct",-770456.75,-0.00175806379124894,-0.00266553221261071,-0.00117942449640074,1595,5
"Coccolithophores","ice_area_flux_cumOct",-711927.15,0.00289474206328726,0.00199620581519604,0.0035715406621172,1447,5
"Coccolithophores","ice_area_flux_cumOct",-630775.8,0.00374825366276513,0.00281739677778405,0.00381016216381787,1573,5
"Coccolithophores","ice_area_flux_current",-102652.05,-0.0111559260797805,-0.0119149235497813,-0.0101520486702238,1387,5
"Coccolithophores","ice_area_flux_current",-79049.55,-0.011421757114323,-0.0122442830571942,-0.0103049855631695,1466,5
"Coccolithophores","ice_area_flux_current",-64230.1,-0.00945824004694285,-0.0108239363051561,-0.00909261893066369,1421,5
"Coccolithophores","ice_area_flux_current",-58320,-0.00928605865899474,-0.0106289870629521,-0.00909784531963164,1435,5
"Coccolithophores","ice_area_flux_current",-52910.85,-0.00962384995797189,-0.0110542517487908,-0.00904598338222109,1722,5
"Coccolithophores","ice_area_flux_current",-46990.5,-0.00932239524975342,-0.0110022670834049,-0.00875661504929214,1326,5
"Coccolithophores","ice_area_flux_current",-43958.3,-0.00584414456183663,-0.00683554366716276,-0.00474846362916333,1485,5
"Coccolithophores","ice_area_flux_current",-40081.2,-0.00440798652840723,-0.00625433488592082,-0.00320579260046094,1480,5
"Coccolithophores","ice_area_flux_current",-34872.2,-0.00253323329432021,-0.00486191155600418,-0.000589377605239744,1728,5
"Coccolithophores","ice_area_flux_current",-30974,0.00431835891215411,0.0040798187392932,0.00540610704394659,1221,5
"Coccolithophores","ice_area_flux_current",-27912.75,0.00342564164307883,0.00337806829469096,0.00423242680039948,1462,5
"Coccolithophores","ice_area_flux_current",-22518.05,0.00178117454640306,0.00159094103440292,0.00233711947191874,1417,5
"Coccolithophores","ice_area_flux_current",-18644.15,0.0038250748608458,0.00372768420926172,0.00380142682735241,1633,5
"Coccolithophores","ice_area_flux_current",-17347.95,0.00508069113863605,0.00465341867104241,0.0053168739282162,1775,5
"Coccolithophores","ice_area_flux_current",-14226,0.00762874003232019,0.00649395502677921,0.00759434883033764,1526,5
"Coccolithophores","ice_area_flux_current",-10281.85,0.00749630815769998,0.00585364080364727,0.00849725612358812,1449,5
"Coccolithophores","ice_area_flux_current",-6922.2,0.00758267171657942,0.00609156381733312,0.00924679476723043,1209,5
"Coccolithophores","ice_area_flux_current",-4113,0.00835058711429552,0.00652836063945397,0.010347070539465,1612,5
"Coccolithophores","ice_area_flux_current",-790,0.00890252966293625,0.00726251657515278,0.009766418424022,1687,5
"Coccolithophores","ice_area_flux_current",4800.65,0.0123646643570028,0.0109328462479731,0.0134867117388095,1559,5
"Coccolithophores","ice_area_flux_lag1",-143980.5,-0.0154706834071743,-0.0170119179003591,-0.0150172793112246,1332,5
"Coccolithophores","ice_area_flux_lag1",-109727.15,-0.0154198368306491,-0.0171001384503951,-0.0146988137560862,1519,5
"Coccolithophores","ice_area_flux_lag1",-98890.4,-0.014375247715691,-0.0157292245894372,-0.0138739854376144,1392,5
"Coccolithophores","ice_area_flux_lag1",-92388.6,-0.0139489295160713,-0.0147450060416867,-0.0130514766935964,1438,5
"Coccolithophores","ice_area_flux_lag1",-83075.95,-0.0141245459356903,-0.0150683026052697,-0.0132503130745436,1570,5
"Coccolithophores","ice_area_flux_lag1",-73180.6,-0.0132568310187681,-0.0147778061105136,-0.0124983467510313,1560,5
"Coccolithophores","ice_area_flux_lag1",-65703.1,-0.00538356355556621,-0.00610699555487147,-0.00473649013773514,1656,5
"Coccolithophores","ice_area_flux_lag1",-59318.95,-0.00444142398307682,-0.00576234826290835,-0.00357159390642991,1359,5
"Coccolithophores","ice_area_flux_lag1",-57087.7,-0.00314553683747267,-0.00429210806128363,-0.00198060432295428,1418,5
"Coccolithophores","ice_area_flux_lag1",-52428.75,-0.0026057983375773,-0.00305256873057099,-0.00223829371373971,1740,5
"Coccolithophores","ice_area_flux_lag1",-46458.55,-0.00175079562325583,-0.00219317654804683,-0.00105092435379665,1462,5
"Coccolithophores","ice_area_flux_lag1",-41696.5,0.00626200618327976,0.00536297072599293,0.00841181774615616,1398,5
"Coccolithophores","ice_area_flux_lag1",-37485.5,0.0116326640346158,0.0104923944351656,0.0127686339077444,1511,5
"Coccolithophores","ice_area_flux_lag1",-34042.15,0.0117113596310465,0.0106719143666115,0.0120700223552476,1495,5
"Coccolithophores","ice_area_flux_lag1",-29113.8,0.00944978361338009,0.0084292910373638,0.00989652292669338,1471,5
"Coccolithophores","ice_area_flux_lag1",-22279.4,0.0093408344969903,0.00801283769313146,0.00988705336883616,1615,5
"Coccolithophores","ice_area_flux_lag1",-17055.05,0.0112124113722845,0.0104612127060933,0.0111950086659951,1488,5
"Coccolithophores","ice_area_flux_lag1",-13933.1,0.011319460051486,0.0110555509002001,0.0124871673909015,1234,5
"Coccolithophores","ice_area_flux_lag1",-8274.95,0.0112589625962,0.0104587421466638,0.0121189899083308,1603,5
"Coccolithophores","ice_area_flux_lag1",2004.65,0.0183633010223399,0.0171166783063235,0.0187351005407532,1739,5
"Coccolithophores","ice_area_flux_lag2",-167123.35,-0.0125451183546698,-0.0142214084092801,-0.0107274886820727,1372,5
"Coccolithophores","ice_area_flux_lag2",-149032.65,-0.0129149157689486,-0.0145965573323432,-0.0110193585621471,1472,5
"Coccolithophores","ice_area_flux_lag2",-131478,-0.011952077326372,-0.0134715130100539,-0.00978694385629027,1388,5
"Coccolithophores","ice_area_flux_lag2",-116519.65,-0.0115859051192791,-0.0134117433195011,-0.00931508310782054,1535,5
"Coccolithophores","ice_area_flux_lag2",-110905.7,-0.010923517507503,-0.0128918217387916,-0.00872980243934491,1429,5
"Coccolithophores","ice_area_flux_lag2",-105966.6,-0.0101834152576651,-0.0115305478887328,-0.00845761029945321,1541,5
"Coccolithophores","ice_area_flux_lag2",-98890.4,-0.00683122746196082,-0.00935492021560697,-0.00720439574225236,1629,5
"Coccolithophores","ice_area_flux_lag2",-92388.6,-0.00755645117508157,-0.00935425774486209,-0.00801821714473224,1571,5
"Coccolithophores","ice_area_flux_lag2",-85134.95,-0.00669074964283865,-0.00779597651557475,-0.00647308037494074,1342,5
"Coccolithophores","ice_area_flux_lag2",-77819.75,-0.00458822881523318,-0.00590247017428271,-0.00496622853290787,1482,5
"Coccolithophores","ice_area_flux_lag2",-73151.45,-0.00279988376161162,-0.00393910377188855,-0.00346073937088615,1581,5
"Coccolithophores","ice_area_flux_lag2",-65720.7,0.0100882121679844,0.0094538080255317,0.0115569198810299,1367,5
"Coccolithophores","ice_area_flux_lag2",-59740.55,0.0059123992982003,0.00502218796011457,0.00665057140997465,1558,5
"Coccolithophores","ice_area_flux_lag2",-57837.25,0.0052453182857096,0.00475846016595568,0.0061608621328961,1601,5
"Coccolithophores","ice_area_flux_lag2",-52774.3,0.00717936989580111,0.0056772687311561,0.00918594132619923,1479,5
"Coccolithophores","ice_area_flux_lag2",-46458.55,0.00822303369701348,0.00690882974846874,0.011004698017034,1599,5
"Coccolithophores","ice_area_flux_lag2",-40950.3,0.0098358491560381,0.00831052192467977,0.0125079989996053,1542,5
"Coccolithophores","ice_area_flux_lag2",-34872.2,0.0128561021191335,0.0103098089566386,0.0154422419976973,1238,5
"Coccolithophores","ice_area_flux_lag2",-26066.9,0.0178417520562026,0.0154073908045004,0.0208414258233119,1582,5
"Coccolithophores","ice_area_flux_lag2",-17781.3,0.0181018344842578,0.0165118402299107,0.0210650593063957,1692,5
"Coccolithophores","ice_volume_flux_cumOct",-2285.6,0.0123814010587204,0.0117002290981644,0.0138052289241083,1340,5
"Coccolithophores","ice_volume_flux_cumOct",-1990.8,0.00879503387363791,0.00814143616431996,0.00894203029608713,1461,5
"Coccolithophores","ice_volume_flux_cumOct",-1830.75,0.00472837145111316,0.00412430371514012,0.00572733064778959,1535,5
"Coccolithophores","ice_volume_flux_cumOct",-1781.8,0.00312254880536984,0.00257064262097593,0.00355576931166267,1426,5
"Coccolithophores","ice_volume_flux_cumOct",-1714.4,-0.000156574290846134,-0.000848103760369,0.000626751780067582,1572,5
"Coccolithophores","ice_volume_flux_cumOct",-1650.9,-0.000735712672721516,-0.00127034940687659,0.000224793846767237,1631,5
"Coccolithophores","ice_volume_flux_cumOct",-1621.9,-0.000961371971820425,-0.00157245360735373,6.37458489448559e-05,1293,5
"Coccolithophores","ice_volume_flux_cumOct",-1544.75,-0.00174983546663615,-0.00208542252470447,-0.00124450550548959,1412,5
"Coccolithophores","ice_volume_flux_cumOct",-1455.3,-0.00266806069244077,-0.0027064245241139,-0.00252190180883901,1743,5
"Coccolithophores","ice_volume_flux_cumOct",-1389.45,-0.00293088632084153,-0.00313274594458923,-0.00272261327474494,1541,5
"Coccolithophores","ice_volume_flux_cumOct",-1315.35,-0.00303941623426344,-0.00316619116375013,-0.00281197081122849,1245,5
"Coccolithophores","ice_volume_flux_cumOct",-1255.05,-0.0031867406253155,-0.00329962997310627,-0.00308265661703686,1545,5
"Coccolithophores","ice_volume_flux_cumOct",-1209.2,-0.00289057830257614,-0.00332664405654722,-0.00246908626937135,1565,5
"Coccolithophores","ice_volume_flux_cumOct",-1172.85,-0.00353673018997743,-0.00402499320081372,-0.00293302369591526,1526,5
"Coccolithophores","ice_volume_flux_cumOct",-1137.9,-0.00449162634706837,-0.00469979257319868,-0.00390389762549552,1534,5
"Coccolithophores","ice_volume_flux_cumOct",-1060.65,-0.00408889966694571,-0.00432396736718597,-0.00349622156492588,1520,5
"Coccolithophores","ice_volume_flux_cumOct",-988.8,-0.00206200725059571,-0.00222033304565138,-0.00123557103239547,1338,5
"Coccolithophores","ice_volume_flux_cumOct",-970.4,-6.54284641206399e-05,-2.9921835382609e-05,0.000545920110231586,1449,5
"Coccolithophores","ice_volume_flux_cumOct",-920.95,0.000543255401541567,3.00422756088631e-05,0.00141562528630815,1751,5
"Coccolithophores","ice_volume_flux_cumOct",-784.3,0.00433033004278713,0.00388380210576454,0.00501301523863487,1573,5
"Coccolithophores","ice_volume_flux_current",-245.6,-0.000185894747254487,0.000175418537176757,0.000869482272654011,1419,5
"Coccolithophores","ice_volume_flux_current",-166.2,0.000741262419406832,0.000487761600499695,0.00168283999536271,1334,5
"Coccolithophores","ice_volume_flux_current",-129.25,0.000363284563623363,-0.000223648620014728,0.00153844218778847,1629,5
"Coccolithophores","ice_volume_flux_current",-111.95,0.000773028995720246,0.000247584622975774,0.00173134149022093,1604,5
"Coccolithophores","ice_volume_flux_current",-102,-0.00095538883305457,-0.00174692229591434,0.000173916338643813,1253,5
"Coccolithophores","ice_volume_flux_current",-93.55,-0.00191139052268018,-0.00274096449433242,-0.000425378317488144,1707,5
"Coccolithophores","ice_volume_flux_current",-86.25,-0.00172592538972528,-0.00234241351524367,-0.00027405336262574,1467,5
"Coccolithophores","ice_volume_flux_current",-76.65,-0.00151989867293962,-0.00218286489709302,-0.000179394908302568,1056,5
"Coccolithophores","ice_volume_flux_current",-62,-0.000536927339442165,-0.000946813123350828,0.000257359726940967,1979,5
"Coccolithophores","ice_volume_flux_current",-52.3,-0.00107737030586199,-0.00109502432164824,-0.00077047569015897,1532,5
"Coccolithophores","ice_volume_flux_current",-44.05,-0.00133594882416339,-0.00155980023014563,-0.000384761799677965,1379,5
"Coccolithophores","ice_volume_flux_current",-35.55,-0.00294261582417887,-0.00345979217518064,-0.00134429064177178,1429,5
"Coccolithophores","ice_volume_flux_current",-32,-0.00170702522814217,-0.0030004144550697,0.000470391854277893,1540,5
"Coccolithophores","ice_volume_flux_current",-27.15,-0.000878743820289837,-0.00190677964846352,0.000529062651597724,1510,5
"Coccolithophores","ice_volume_flux_current",-22.9,0.000805752311707852,-0.000733410082655456,0.00196034691785364,1541,5
"Coccolithophores","ice_volume_flux_current",-17.6,7.61913033688714e-05,-0.00139431937201102,-0.000257661404243803,1554,5
"Coccolithophores","ice_volume_flux_current",-10.35,-0.00107865651407645,-0.00280790418520765,-0.000483954786497481,1520,5
"Coccolithophores","ice_volume_flux_current",-5.7,0.00304205111265338,0.00210192118839444,0.00406497617539091,1320,5
"Coccolithophores","ice_volume_flux_current",-1.5,0.00335684941884892,0.00312477068559628,0.00391877716790824,1685,5
"Coccolithophores","ice_volume_flux_current",10.25,0.00607250352121513,0.00576300404872359,0.00706483084441008,1542,5
"Coccolithophores","ice_volume_flux_lag1",-284.9,-0.00269555072662731,-0.00363884167242551,-0.00269392028886328,1482,5
"Coccolithophores","ice_volume_flux_lag1",-227.35,-0.00243687638808569,-0.00328848118726724,-0.00209874159183089,1413,5
"Coccolithophores","ice_volume_flux_lag1",-192.45,-0.00201304544053012,-0.00298133597471894,-0.00181258710414737,1426,5
"Coccolithophores","ice_volume_flux_lag1",-163.3,-0.00114112733611219,-0.00224416410432679,-0.000662991814032646,1643,5
"Coccolithophores","ice_volume_flux_lag1",-143.85,-0.00164648991249526,-0.00265996992184285,-0.00121971871003953,1198,5
"Coccolithophores","ice_volume_flux_lag1",-133.1,-0.00436563228573226,-0.00473346480681996,-0.00386681324564641,1835,5
"Coccolithophores","ice_volume_flux_lag1",-120.7,-0.00526857890621888,-0.00532606721427586,-0.00488625671966178,1446,5
"Coccolithophores","ice_volume_flux_lag1",-113.25,-0.00534073084020829,-0.00533914256470369,-0.00497153520024691,1330,5
"Coccolithophores","ice_volume_flux_lag1",-103.55,-0.00345664840245754,-0.00334222141227401,-0.00297036806172886,1580,5
"Coccolithophores","ice_volume_flux_lag1",-93.9,-0.00243534831145032,-0.00222956751273354,-0.00215485258676156,1547,5
"Coccolithophores","ice_volume_flux_lag1",-89.2,-0.000961853961932934,-0.00152250970139536,-0.000524494016821655,1462,5
"Coccolithophores","ice_volume_flux_lag1",-83.5,-0.00080096405835697,-0.00208064811723402,-3.88735575508749e-05,1516,5
"Coccolithophores","ice_volume_flux_lag1",-71.85,0.000102545931444139,-0.000813059237850926,0.00171384380705009,1455,5
"Coccolithophores","ice_volume_flux_lag1",-58.75,-0.000391690314245633,-0.000929240639772684,-0.00031562304289228,1564,5
"Coccolithophores","ice_volume_flux_lag1",-52.15,0.00323796603837572,0.00219314476380003,0.00306647155323301,1450,5
"Coccolithophores","ice_volume_flux_lag1",-43.6,0.00319192027491369,0.00238798577672754,0.00263696597589111,1496,5
"Coccolithophores","ice_volume_flux_lag1",-30.3,0.00353992422860972,0.00253740215870961,0.00301218068394303,1581,5
"Coccolithophores","ice_volume_flux_lag1",-22.3,0.00382543552091295,0.0026034566568674,0.00414666469113735,1198,5
"Coccolithophores","ice_volume_flux_lag1",-13.35,0.00417106051001104,0.00324842897790326,0.00415359925866495,1639,5
"Coccolithophores","ice_volume_flux_lag1",6,0.0130623408955973,0.0118298401189109,0.0132852098343477,1739,5
"Coccolithophores","ice_volume_flux_lag2",-362.55,-0.00179911984836893,-0.00298091527207811,-6.52852789502213e-05,1281,5
"Coccolithophores","ice_volume_flux_lag2",-273.8,-0.00261224888636615,-0.00411455820475867,-0.000979760763946603,1701,5
"Coccolithophores","ice_volume_flux_lag2",-247.2,-0.00183031513315036,-0.00318848221609221,-0.000312749567373575,1308,5
"Coccolithophores","ice_volume_flux_lag2",-232.9,-0.00136335044972718,-0.00268567661539828,0.000220851092304506,1576,5
"Coccolithophores","ice_volume_flux_lag2",-208.25,-0.000772679093795448,-0.00179481637223569,0.000289548232568449,1507,5
"Coccolithophores","ice_volume_flux_lag2",-187.65,-0.000326300741797177,-0.00152582905995256,0.000322972703562589,1527,5
"Coccolithophores","ice_volume_flux_lag2",-174,-0.00051983273833979,-0.00174328493374648,0.000230485825970279,1485,5
"Coccolithophores","ice_volume_flux_lag2",-157.5,-0.000968690476655134,-0.00194713279714385,-0.000241439291383011,1562,5
"Coccolithophores","ice_volume_flux_lag2",-144.7,-0.00237614141533717,-0.00312304083021531,-0.0016382588701055,1244,5
"Coccolithophores","ice_volume_flux_lag2",-135.25,-0.00194706742227539,-0.00268819441940934,-0.00177490697039642,1701,5
"Coccolithophores","ice_volume_flux_lag2",-122.75,-0.00120847371427243,-0.00217077005477952,-0.00072513136653853,1397,5
"Coccolithophores","ice_volume_flux_lag2",-115.4,-0.00129764780140979,-0.00199121297004025,-0.000593449719997691,1558,5
"Coccolithophores","ice_volume_flux_lag2",-110.25,-0.00313907340817037,-0.00315070135939113,-0.00228795975562849,1477,5
"Coccolithophores","ice_volume_flux_lag2",-101.75,-0.00449083576017944,-0.00498397471237465,-0.00378269387991968,1583,5
"Coccolithophores","ice_volume_flux_lag2",-93.15,-0.00516712701779473,-0.00579593767387107,-0.00480982822978604,1281,5
"Coccolithophores","ice_volume_flux_lag2",-86.95,-0.00457135250000418,-0.00476603186931182,-0.00425226192686109,1432,5
"Coccolithophores","ice_volume_flux_lag2",-77.5,0.000463859893406621,-0.00151823565446562,0.0019323964741936,1546,5
"Coccolithophores","ice_volume_flux_lag2",-62.2,0.00210797245891057,0.000586562538743141,0.00425704155991991,1530,5
"Coccolithophores","ice_volume_flux_lag2",-49.05,0.014883238249498,0.0149170749500916,0.0182716446919883,1583,5
"Coccolithophores","ice_volume_flux_lag2",-34.55,0.0131461762507766,0.012130744882311,0.0154394000625596,1721,5
"Coccolithophores","latitude",70.4375,-0.00783231585613846,-0.00908994624011602,-0.00583399044447775,1374,5
"Coccolithophores","latitude",71,-0.00933249241323737,-0.0108733303345226,-0.00826439321975954,1388,5
"Coccolithophores","latitude",71.4375,-0.00874259558645411,-0.0100514438162994,-0.00773998554103548,1416,5
"Coccolithophores","latitude",71.8125,-0.00713264985215395,-0.00826204677520212,-0.00602105893300534,1534,5
"Coccolithophores","latitude",72.1875,-0.00641798456426817,-0.00757084504364206,-0.00534891705740609,1561,5
"Coccolithophores","latitude",72.5625,-0.00731551716567017,-0.00855652033553209,-0.0064938584603859,1436,5
"Coccolithophores","latitude",72.9375,-0.00612368045704914,-0.00723814240792691,-0.00512863384368136,1421,5
"Coccolithophores","latitude",73.3125,-0.00356628846321131,-0.00416257442322559,-0.00289649171418893,1410,5
"Coccolithophores","latitude",73.75,-0.00158709099506484,-0.00179820482583838,-0.00123657608251811,1897,5
"Coccolithophores","latitude",74.1875,-0.00159077898617563,-0.00172535531040468,-0.00121639274615988,1394,5
"Coccolithophores","latitude",74.5625,-0.00206217545563138,-0.00213717589244194,-0.00161737859265723,1348,5
"Coccolithophores","latitude",75,-0.00196173575226711,-0.00259858822581453,-0.000989441283898674,1751,5
"Coccolithophores","latitude",75.4375,-0.00286492748520261,-0.00371806078890862,-0.00231616731700403,1269,5
"Coccolithophores","latitude",75.875,-0.00304938874590485,-0.00378159762892502,-0.00266967672960899,1600,5
"Coccolithophores","latitude",76.375,0.00331037117567501,0.00267455745950959,0.00471049358497465,1518,5
"Coccolithophores","latitude",76.9375,0.0110591619089574,0.00908127261092806,0.0127412160559683,1591,5
"Coccolithophores","latitude",77.625,0.0119573096545916,0.0102350600442571,0.0134276112978867,1563,5
"Coccolithophores","latitude",78.4375,0.010462077012147,0.010282468114521,0.0127446029075219,1500,5
"Coccolithophores","latitude",79.5,0.0128598887865474,0.0122712343349892,0.0169596965527565,1453,5
"Coccolithophores","latitude",81.75,0.0162179443228247,0.015926674972678,0.0193559578471952,1576,5
"Coccolithophores","longitude",-19.8125,-0.0133017472324946,-0.0135040460464882,-0.0132522899029523,1472,5
"Coccolithophores","longitude",-12.875,-0.0161155427093775,-0.0165869999849841,-0.0150269904418514,1481,5
"Coccolithophores","longitude",-9.5625,-0.0165125736719853,-0.0168683189004146,-0.0150593374639559,1509,5
"Coccolithophores","longitude",-6.75,-0.0160774921362349,-0.016624767568138,-0.0142756180690153,1503,5
"Coccolithophores","longitude",-4.0625,-0.0159098786584977,-0.016503080716303,-0.0134871051643428,1502,5
"Coccolithophores","longitude",-1.625,-0.0166507708470963,-0.0172200027629261,-0.0140883660663157,1465,5
"Coccolithophores","longitude",0.625,-0.0163046835254299,-0.016633206910238,-0.0139994334256811,1487,5
"Coccolithophores","longitude",2.875,-0.0162530048032933,-0.0165045954241131,-0.0140256013606695,1578,5
"Coccolithophores","longitude",5.0625,-0.0145470776973465,-0.014990756735567,-0.012721461146469,1479,5
"Coccolithophores","longitude",7.125,-0.0134506079290031,-0.0140488603614964,-0.0116704113158681,1467,5
"Coccolithophores","longitude",9.1875,-0.0105295478812003,-0.0106529681160382,-0.00924715755059508,1501,5
"Coccolithophores","longitude",11.5,-0.00888953507647838,-0.00848557268473255,-0.00744736077373212,1545,5
"Coccolithophores","longitude",14.1875,-0.0045620855552171,-0.00642271389605859,-0.00126590807265708,1510,5
"Coccolithophores","longitude",17.25,-0.00259618066096919,-0.00644833091961403,0.000739967549117648,1482,5
"Coccolithophores","longitude",20.5,0.0247982287051693,0.0318506336807828,0.0334990195589396,1486,5
"Coccolithophores","longitude",23.6875,0.0259108658599759,0.0263363057175792,0.0290911367583068,1511,5
"Coccolithophores","longitude",26.5625,0.0240689818594409,0.0189504062616957,0.0304449842931923,1450,5
"Coccolithophores","longitude",29.125,0.0295092831342132,0.0209157179767107,0.0381772276747101,1515,5
"Coccolithophores","longitude",31.5,0.0364754295258804,0.0293575523604721,0.049250734422194,1472,5
"Coccolithophores","longitude",33.75,0.0397061789959951,0.0337959427031034,0.0534694114735096,1585,5
"Coccolithophores","mlotst",3.3439808011055,0.00437373824923396,0.00319830210818618,0.00431159325126068,1500,5
"Coccolithophores","mlotst",3.97269619703293,0.000960058032958083,0.000446457042166146,0.000821617560356779,1500,5
"Coccolithophores","mlotst",4.35526299476624,-0.00083286174493999,-0.0011712161680232,-0.0010704474337217,1500,5
"Coccolithophores","mlotst",4.69006006717682,-0.00198627391668167,-0.00225632088405669,-0.00201622796631755,1500,5
"Coccolithophores","mlotst",4.98129134178162,-0.00236031954140349,-0.002806285671247,-0.0021051462731475,1500,5
"Coccolithophores","mlotst",5.27555522918701,-0.00248366536395591,-0.00275844394651819,-0.00222200044373239,1500,5
"Coccolithophores","mlotst",5.56517120599747,-0.00255017980728979,-0.00293098931193548,-0.00244857836640772,1500,5
"Coccolithophores","mlotst",5.83736873865128,-0.00218843546281764,-0.00232960191692326,-0.00214051742041043,1500,5
"Coccolithophores","mlotst",6.14274145364761,-0.00196531195247741,-0.00213873882981592,-0.00185544852727763,1500,5
"Coccolithophores","mlotst",6.51168130636215,-0.00148007923747035,-0.00172060692032412,-0.00157357257613817,1500,5
"Coccolithophores","mlotst",6.94745781421661,-0.00141533538099468,-0.00163887729883844,-0.00133284025435644,1500,5
"Coccolithophores","mlotst",7.4457447052002,-0.0014756895583845,-0.0017355238717404,-0.00134925430654666,1500,5
"Coccolithophores","mlotst",8.03821132183075,-0.000957732027189838,-0.001234156958384,-0.000742904174041655,1500,5
"Coccolithophores","mlotst",8.78878605365753,-0.000450218168161015,-0.000634349428702084,-0.000211145122592009,1500,5
"Coccolithophores","mlotst",9.78355951309204,-4.24031757740084e-05,-0.000129346659206747,0.000240672992563917,1500,5
"Coccolithophores","mlotst",11.2025205135345,0.00165388863595458,0.0015946620279495,0.00208142488160124,1500,5
"Coccolithophores","mlotst",13.397737121582,0.0028368526922503,0.00217248205783733,0.00354484084253675,1500,5
"Coccolithophores","mlotst",17.4181635856629,0.00331889576023364,0.00255400620897451,0.00427405052649779,1500,5
"Coccolithophores","mlotst",26.1389148712159,0.00331336033399847,0.00262444831071377,0.00419727548528289,1500,5
"Coccolithophores","mlotst",763.389398288727,0.00373171163291124,0.00329725074756047,0.00427419112713251,1500,5
"Coccolithophores","qnet_wm2",-175.507891464233,-0.00513482535343702,-0.00610387428899393,-0.00541593575193959,1500,5
"Coccolithophores","qnet_wm2",-144.057303237915,-0.00632458632304578,-0.00752012951162906,-0.006784691042585,1500,5
"Coccolithophores","qnet_wm2",-133.651097869873,-0.00636877961149903,-0.00765297523762524,-0.00652186679765132,1500,5
"Coccolithophores","qnet_wm2",-125.557604980469,-0.0062735805494286,-0.00697159823095502,-0.00656818402976894,1500,5
"Coccolithophores","qnet_wm2",-118.786698913574,-0.00557480627306115,-0.00665073066788903,-0.00504036021033668,1500,5
"Coccolithophores","qnet_wm2",-112.455151367187,-0.00584068982493326,-0.00657523283962942,-0.00518325435623541,1500,5
"Coccolithophores","qnet_wm2",-106.086956787109,-0.00415843013622549,-0.00460663516912946,-0.00365733200449555,1499,5
"Coccolithophores","qnet_wm2",-99.6903961181641,-0.00440347427992623,-0.00499072638731645,-0.00371963864974729,1501,5
"Coccolithophores","qnet_wm2",-93.4285877227783,-0.00358164440903164,-0.0041684267111524,-0.00292537481544156,1500,5
"Coccolithophores","qnet_wm2",-86.9671230316162,-0.00254765550298347,-0.0028882991230023,-0.00221550567475833,1500,5
"Coccolithophores","qnet_wm2",-80.160428237915,-0.00148293723140754,-0.00164721763613339,-0.00125772341693422,1500,5
"Coccolithophores","qnet_wm2",-73.0012722015381,-0.000710732408092883,-0.00097447240217505,-0.000291602925942873,1500,5
"Coccolithophores","qnet_wm2",-65.4066024780273,-0.000155374677251144,-0.000309324296190726,0.000193801830348644,1500,5
"Coccolithophores","qnet_wm2",-58.0454429626465,-0.000566987277618178,-0.00126368123751808,-0.000190150278068827,1500,5
"Coccolithophores","qnet_wm2",-50.7333885192871,0.00201064384568842,0.0013117976901063,0.00237492628964107,1500,5
"Coccolithophores","qnet_wm2",-43.0316192626953,0.00615311425765934,0.00583631762052317,0.0073669999164815,1500,5
"Coccolithophores","qnet_wm2",-34.9049072265625,0.00802490698858014,0.00798543678947514,0.00932371366327701,1500,5
"Coccolithophores","qnet_wm2",-25.7159118652344,0.0081635282855114,0.00791298054047681,0.00963606237579948,1500,5
"Coccolithophores","qnet_wm2",-13.8873882293701,0.0122885161528485,0.0121736073615766,0.0135990207329438,1500,5
"Coccolithophores","qnet_wm2",48.7390338897705,0.0164839576904161,0.0165333308091925,0.0174313014395045,1500,5
"Coccolithophores","siconc",-5.55111512312578e-17,-0.00586715779741975,-0.00574818259285014,-0.00564101586158853,122,5
"Coccolithophores","siconc",0.0151992904327534,-0.00143041110958584,-0.00167319768709473,-0.0012122365194115,25378,5
"Coccolithophores","siconc",0.131678075667372,0.000407983383808509,0.000150429857773411,0.000622379091573171,1500,5
"Coccolithophores","siconc",0.386086270024381,-0.000582490546132822,-0.000976087649163512,-0.000116468587809789,1500,5
"Coccolithophores","siconc",0.767967858554301,0.0248523514225608,0.0201647457402231,0.0297765366014558,1500,5
"Coccolithophores","siconc_lag1",-5.55111512312578e-17,-0.00175248363211863,-0.00184007138042754,-0.00155439872149056,102,5
"Coccolithophores","siconc_lag1",5.61418319154365e-08,-0.000561290686075694,-0.000768343733549744,-0.000243772617474442,22398,5
"Coccolithophores","siconc_lag1",0.0390312708509234,-0.00123151559894813,-0.0015118597892587,-0.000971160921721002,1500,5
"Coccolithophores","siconc_lag1",0.187950357550851,-0.00224295072904367,-0.00220670422941457,-0.00200661497794486,1500,5
"Coccolithophores","siconc_lag1",0.426959799023873,-0.00466206089010443,-0.00497166930695403,-0.00427366132616208,1500,5
"Coccolithophores","siconc_lag1",0.658160658594695,-0.00490917084866267,-0.00523167152782272,-0.00434648818813101,1500,5
"Coccolithophores","siconc_lag1",0.879186031179312,0.0215460594782252,0.0209086200801634,0.0255005125958762,1500,5
"Coccolithophores","sithick",-5.55111512312578e-17,-0.00562074906401948,-0.00569681524604686,-0.00558023744781014,142,5
"Coccolithophores","sithick",0.00688009171764841,-0.000818247632231776,-0.000849490287109746,-0.000755614841335904,25358,5
"Coccolithophores","sithick",0.104021847043743,-0.00202291566837988,-0.00217804466475277,-0.00174907782293455,1500,5
"Coccolithophores","sithick",0.443059171983754,-0.00162214320664367,-0.00209829385427968,-0.00113824466149053,1500,5
"Coccolithophores","sithick",3.1706699471746,0.018009905425173,0.0180258938860471,0.0191726485170594,1500,5
"Coccolithophores","sithick_lag1",-5.55111512312578e-17,-0.00198191807041346,-0.00207542303076583,-0.00130331137446168,107,5
"Coccolithophores","sithick_lag1",2.83166842087477e-08,-0.000710952973657245,-0.000842628089036858,-0.000335969791980043,22393,5
"Coccolithophores","sithick_lag1",0.0181279352195964,-0.00168995429029336,-0.00181954819359009,-0.00144347887318588,1500,5
"Coccolithophores","sithick_lag1",0.133478709664102,-0.00405069802729549,-0.00426168217370059,-0.00369729887000568,1500,5
"Coccolithophores","sithick_lag1",0.417957694165218,-0.00461739923545435,-0.00497358692400788,-0.0044016408408485,1500,5
"Coccolithophores","sithick_lag1",0.860966880145731,-0.00456137554879269,-0.00484745687193964,-0.00383521178379155,1500,5
"Coccolithophores","sithick_lag1",3.36796851695009,0.0256743838835965,0.0212778827297013,0.0249406246665158,1500,5
"Coccolithophores","so",28.719456577301,0.0118826170652216,0.00983754168545628,0.015237330254587,1500,5
"Coccolithophores","so",32.7376334190369,0.00604004486784811,0.00411916474826717,0.00552858360848102,1500,5
"Coccolithophores","so",33.5146910667419,0.00274111202991558,0.000864017756876723,0.00249856556856708,1500,5
"Coccolithophores","so",33.8864081382751,-0.00204986372820222,-0.00242731488129407,-0.00192619403200109,1500,5
"Coccolithophores","so",34.1593770027161,-0.0022541740134659,-0.00243189899214534,-0.00173744687201446,1500,5
"Coccolithophores","so",34.3616950035095,-0.00288519512216808,-0.00348001511308155,-0.00235540723991909,1500,5
"Coccolithophores","so",34.4996685028076,-0.00330257951889876,-0.00407898155615587,-0.00276422429660328,1500,5
"Coccolithophores","so",34.5969903945923,-0.00430607403487545,-0.00465856655180631,-0.00374012133419591,1500,5
"Coccolithophores","so",34.6702027320862,-0.00421182604169174,-0.00424324767092038,-0.00380154322614718,1500,5
"Coccolithophores","so",34.7281674385071,-0.0032248723112263,-0.00298722479779913,-0.00270244939660818,1500,5
"Coccolithophores","so",34.7779176712036,-0.00294194091485161,-0.00265884617596139,-0.00236621598729007,1500,5
"Coccolithophores","so",34.8213991165161,-0.00243477768232273,-0.0025768955229401,-0.00190910390087624,1500,5
"Coccolithophores","so",34.8635138511658,-0.00267948940464207,-0.00300118545681341,-0.00183177714148439,1500,5
"Coccolithophores","so",34.9046219825745,-0.00245724121591022,-0.00258608192823538,-0.00174749768916706,1500,5
"Coccolithophores","so",34.9425378799438,-0.00170462776002272,-0.00190953026800453,-0.000960313563628738,1499,5
"Coccolithophores","so",34.978018951416,0.000164162345265963,0.000195599250653156,0.00104338616054969,1501,5
"Coccolithophores","so",35.0123578071594,0.00035265315864136,1.29236231831004e-05,0.000818447536712875,1500,5
"Coccolithophores","so",35.0458579063416,0.00174136399586322,0.000903195763618234,0.00202727058454069,1500,5
"Coccolithophores","so",35.0802186965942,0.00445583794124007,0.00328036589289731,0.00490119303180483,1500,5
"Coccolithophores","so",35.1377075195312,0.00707362448421183,0.00618137633046748,0.00730774768626798,1500,5
"Coccolithophores","thetao",-1.60977289676666,-0.00383004511227696,-0.0038636174915985,-0.00375248343430161,1500,5
"Coccolithophores","thetao",-0.722433920204639,-0.00428353663385155,-0.00448024588259827,-0.00417376408685187,1500,5
"Coccolithophores","thetao",0.30328124910593,-0.00524724983518551,-0.00540186529150842,-0.0050971068573531,1500,5
"Coccolithophores","thetao",1.16496098935604,-0.00558060304522645,-0.00582860371303746,-0.00526835780124833,1500,5
"Coccolithophores","thetao",1.94730623364449,-0.00629625048079297,-0.00687809413958198,-0.00601003240408655,1500,5
"Coccolithophores","thetao",2.62087122797966,-0.0059704161135724,-0.00658650797814538,-0.00558117011741716,1500,5
"Coccolithophores","thetao",3.22959906458855,-0.0072192423594185,-0.0077994592160033,-0.00705734655991328,1500,5
"Coccolithophores","thetao",3.78788873553276,-0.00721530624751507,-0.00754378549396775,-0.0070952839344666,1500,5
"Coccolithophores","thetao",4.29063400030136,-0.00683052018808153,-0.00711334861836384,-0.00682556811455584,1500,5
"Coccolithophores","thetao",4.74536036252975,-0.00612666109874617,-0.00631240591048571,-0.00597994954512024,1500,5
"Coccolithophores","thetao",5.15914047956467,-0.00490824407689922,-0.00501136738999722,-0.00466933636720492,1500,5
"Coccolithophores","thetao",5.53641427755356,-0.0039203564356457,-0.00415506558510473,-0.00349529499446057,1500,5
"Coccolithophores","thetao",5.90449076890946,-0.000694701376356851,-0.00101153910986017,-0.000516390760179827,1500,5
"Coccolithophores","thetao",6.29200044870377,0.00313670561297147,0.00281948103796904,0.00309156204702874,1500,5
"Coccolithophores","thetao",6.71280429363251,0.00726599669191607,0.00645854771787598,0.00766094436667758,1500,5
"Coccolithophores","thetao",7.16784131526947,0.0100979503784679,0.00862002317976352,0.0110689727907857,1500,5
"Coccolithophores","thetao",7.69122985601425,0.00903025001360463,0.0075646855996148,0.0101907001808292,1500,5
"Coccolithophores","thetao",8.33572520017624,0.0133870335871487,0.0123439335975525,0.0141846923112568,1500,5
"Coccolithophores","thetao",9.12790832519531,0.0141611442625126,0.013291962639925,0.0148872650465248,1500,5
"Coccolithophores","thetao",11.8442385196686,0.0110440524569475,0.00829172014911566,0.010789058856463,1500,5
"Coccolithophores","u10_ms",-4.48714413642883,-0.000528993651766046,-0.00216161386161721,0.000366856228826887,1500,5
"Coccolithophores","u10_ms",-2.47573642730713,-0.0018722516428203,-0.00316414552041806,-0.000817873204498498,1500,5
"Coccolithophores","u10_ms",-1.92855386734009,-0.000671864003998748,-0.000848477662152382,-0.000478992728993502,1500,5
"Coccolithophores","u10_ms",-1.56627173423767,-0.00138352875821886,-0.00182294008516103,-0.00134930159062302,1500,5
"Coccolithophores","u10_ms",-1.27422707080841,-0.00101184559562943,-0.00129829208304427,-0.000648559347215506,1500,5
"Coccolithophores","u10_ms",-1.01970841884613,-0.00206653733362808,-0.00266386500613549,-0.00158509878586943,1500,5
"Coccolithophores","u10_ms",-0.782431483268738,-0.00366529334210176,-0.00433208913685504,-0.00300180904124155,1500,5
"Coccolithophores","u10_ms",-0.556042695045471,-0.00411231218547795,-0.00462299468075032,-0.00352546027931275,1500,5
"Coccolithophores","u10_ms",-0.336241030693054,-0.00431845063541913,-0.00498757493306954,-0.00364137927351364,1500,5
"Coccolithophores","u10_ms",-0.134456610679626,-0.00365346689428621,-0.00381673479461774,-0.00313733841895297,1500,5
"Coccolithophores","u10_ms",0.0554615736007691,-0.00375801765318762,-0.00369641835879038,-0.00361124559657112,1500,5
"Coccolithophores","u10_ms",0.244192099571228,-0.00231087330197497,-0.0025945749714453,-0.00189011766286298,1500,5
"Coccolithophores","u10_ms",0.433669924736023,-0.00131678564378904,-0.00150817012486732,-0.000966858382403745,1500,5
"Coccolithophores","u10_ms",0.631356263160706,-0.000478047145959655,-0.000533925857270297,0.000289048019472535,1500,5
"Coccolithophores","u10_ms",0.849999737739563,5.64488078088572e-05,-0.000366131256387219,0.00078274838227247,1500,5
"Coccolithophores","u10_ms",1.0992623090744,0.00227998531829099,0.00209286105276949,0.00291236253965569,1500,5
"Coccolithophores","u10_ms",1.38545875549316,0.00304036820134484,0.00249842447748475,0.00333024607510294,1500,5
"Coccolithophores","u10_ms",1.72764925956726,0.00593977753823893,0.00502932024766266,0.00702347166042967,1500,5
"Coccolithophores","u10_ms",2.22208890914917,0.00739153403213723,0.00588412957896836,0.00867253819829258,1500,5
"Coccolithophores","u10_ms",3.82696070671082,0.012440153890437,0.0107049688753839,0.0137937752015547,1500,5
"Coccolithophores","v10_ms",-5.22996804714203,0.00954770097248357,0.00862378770796438,0.0108113508720735,1500,5
"Coccolithophores","v10_ms",-3.35898492336273,0.00491039828135881,0.00441316643988418,0.00551736843542662,1500,5
"Coccolithophores","v10_ms",-2.82399249076843,0.00222041660394656,0.00216828450886875,0.00259889251943434,1500,5
"Coccolithophores","v10_ms",-2.41916728019714,0.000968518683817007,0.000693287935767168,0.00154189544904679,1499,5
"Coccolithophores","v10_ms",-2.06217181682587,-0.000981537315956824,-0.00135985326137152,-0.000352636883859668,1501,5
"Coccolithophores","v10_ms",-1.74978787899017,-0.0014816320089772,-0.00194376190207167,-0.000973410130468772,1500,5
"Coccolithophores","v10_ms",-1.46472475528717,-0.00253830177918342,-0.00330241530211831,-0.00204078799175052,1500,5
"Coccolithophores","v10_ms",-1.20515768527985,-0.00341845204279749,-0.00360868703060795,-0.00292943678916178,1500,5
"Coccolithophores","v10_ms",-0.97615692615509,-0.0032128361942908,-0.00381805297443923,-0.00272808959717595,1500,5
"Coccolithophores","v10_ms",-0.755188298225403,-0.00212974150036601,-0.00282862409617131,-0.00165010477431491,1500,5
"Coccolithophores","v10_ms",-0.530504512786865,-0.00148130491434839,-0.00153026622964173,-0.00100727182751618,1500,5
"Coccolithophores","v10_ms",-0.305661392211914,-0.00306596858180304,-0.00342993042890483,-0.00300209806264586,1500,5
"Coccolithophores","v10_ms",-0.0811277151107782,-0.0019790651219648,-0.00233047414152459,-0.00174092052154686,1500,5
"Coccolithophores","v10_ms",0.148046851158143,-0.00181568017610771,-0.00224285800735357,-0.00171926801164482,1500,5
"Coccolithophores","v10_ms",0.376087236404419,-0.00181715412295722,-0.00212976736484214,-0.00168130381371549,1500,5
"Coccolithophores","v10_ms",0.617090034484863,-0.00105610704748973,-0.00129614176816034,-0.00125678480646902,1500,5
"Coccolithophores","v10_ms",0.884289598464966,0.00118504793326078,0.000814983771787802,0.00139907990864752,1500,5
"Coccolithophores","v10_ms",1.21576657295227,0.00068319646267735,-0.000124905577845971,0.00101938290226435,1500,5
"Coccolithophores","v10_ms",1.73703584671021,0.0035386593693791,0.00286333500228722,0.00441105478180807,1500,5
"Coccolithophores","v10_ms",4.24870538711548,0.00192514253665265,2.18963288926219e-05,0.0027377433165389,1500,5
"Diatoms","ice_area_flux_cumOct",-1094941.9,-0.0134348456323154,-0.0142984562566903,-0.0114007425147447,1145,5
"Diatoms","ice_area_flux_cumOct",-1064954.4,-0.0137864222578747,-0.0150902913784241,-0.0117253560227586,1717,5
"Diatoms","ice_area_flux_cumOct",-1030765.35,-0.0156287617386576,-0.0170833061700243,-0.0143120972400158,1368,5
"Diatoms","ice_area_flux_cumOct",-1004298.8,-0.0146629596005713,-0.0152735514704146,-0.0136667450223695,1645,5
"Diatoms","ice_area_flux_cumOct",-989007.35,-0.00808056829438453,-0.00953767425733168,-0.00707076598048577,1478,5
"Diatoms","ice_area_flux_cumOct",-974171.25,-0.00428285238097779,-0.00584564044781165,-0.00223817345648892,1370,5
"Diatoms","ice_area_flux_cumOct",-955284.2,-0.0039555930485729,-0.00614266015341761,-0.00198903542692074,1618,5
"Diatoms","ice_area_flux_cumOct",-940621.85,-0.00206920375277576,-0.00309835656702963,-0.000649839243678806,1616,5
"Diatoms","ice_area_flux_cumOct",-920699.95,0.00592245226603978,0.00514477300340764,0.00672056667996877,1343,5
"Diatoms","ice_area_flux_cumOct",-902694.95,0.00544523694787262,0.00470362202539691,0.0058274638069652,1409,5
"Diatoms","ice_area_flux_cumOct",-891877.3,0.00539391859841113,0.00496567118538301,0.00553265849555993,1694,5
"Diatoms","ice_area_flux_cumOct",-883250.7,0.00559224308858848,0.00474749969600571,0.00576917323961855,1307,5
"Diatoms","ice_area_flux_cumOct",-869829.35,0.00444801976168427,0.00336568177566949,0.00485721304650026,1634,5
"Diatoms","ice_area_flux_cumOct",-851860.75,0.0046300778299977,0.00373233664165932,0.00514409592070973,1483,5
"Diatoms","ice_area_flux_cumOct",-838541.05,0.00454501916296019,0.00361718819582759,0.00524918896229617,1545,5
"Diatoms","ice_area_flux_cumOct",-828009.4,0.00502097579436601,0.00476399140416755,0.0053826601175356,1332,5
"Diatoms","ice_area_flux_cumOct",-801844.95,0.0074192781605757,0.00574364278269534,0.0090323040443372,1681,5
"Diatoms","ice_area_flux_cumOct",-770456.75,0.0094894434297185,0.00899779068187545,0.00995209088949816,1595,5
"Diatoms","ice_area_flux_cumOct",-711927.15,0.0128080502120939,0.0113777354751342,0.0148623514767252,1447,5
"Diatoms","ice_area_flux_cumOct",-630775.8,0.00384725792587276,0.00179829264345679,0.00388652528194659,1573,5
"Diatoms","ice_area_flux_current",-102652.05,-0.0130218677197502,-0.0148652450968733,-0.0106939202819514,1387,5
"Diatoms","ice_area_flux_current",-79049.55,-0.0107194172542561,-0.0126996655483145,-0.00880989783217878,1466,5
"Diatoms","ice_area_flux_current",-64230.1,-0.00122568814417471,-0.00291618631573845,0.000145283131205159,1421,5
"Diatoms","ice_area_flux_current",-58320,-0.00190127408569987,-0.0016388931528171,-0.00039177234971579,1435,5
"Diatoms","ice_area_flux_current",-52910.85,0.00503748800736422,0.00320608442737298,0.00533168449711444,1722,5
"Diatoms","ice_area_flux_current",-46990.5,0.0110196428213203,0.00924172794533455,0.011962789435769,1326,5
"Diatoms","ice_area_flux_current",-43958.3,0.0119404972823363,0.0108868473563782,0.01267534824091,1485,5
"Diatoms","ice_area_flux_current",-40081.2,0.0125094164383354,0.0117624675870417,0.0137018265035645,1480,5
"Diatoms","ice_area_flux_current",-34872.2,-0.00652688384372594,-0.00723894222527266,-0.00598663366361745,1728,5
"Diatoms","ice_area_flux_current",-30974,-0.00634848756102639,-0.00782841441613947,-0.00536264707509373,1221,5
"Diatoms","ice_area_flux_current",-27912.75,-0.00562729011578725,-0.00689063208580202,-0.0046356602331269,1462,5
"Diatoms","ice_area_flux_current",-22518.05,-0.00561804560619557,-0.00747268503212039,-0.00466936235677507,1417,5
"Diatoms","ice_area_flux_current",-18644.15,-0.00419698297919591,-0.00530473784690064,-0.003026101847916,1633,5
"Diatoms","ice_area_flux_current",-17347.95,-0.00158631939506097,-0.00317301464389763,0.000839857127071353,1775,5
"Diatoms","ice_area_flux_current",-14226,-0.00243225281315194,-0.00311010905728245,-0.000997905061107869,1526,5
"Diatoms","ice_area_flux_current",-10281.85,-0.0012522463036754,-0.00211358049837104,-0.000436231034208595,1449,5
"Diatoms","ice_area_flux_current",-6922.2,-0.0013969373989859,-0.00209023536391361,-0.00035215999054012,1209,5
"Diatoms","ice_area_flux_current",-4113,-6.28214683776843e-05,-0.00156857118461862,0.00145801802713247,1612,5
"Diatoms","ice_area_flux_current",-790,0.0108261282690923,0.010697678672571,0.0120001931134253,1687,5
"Diatoms","ice_area_flux_current",4800.65,0.00811653571709703,0.00727248500262228,0.00899362235556537,1559,5
"Diatoms","ice_area_flux_lag1",-143980.5,-0.010457230275532,-0.0119616941963441,-0.00925777500921724,1332,5
"Diatoms","ice_area_flux_lag1",-109727.15,-0.00666912346941238,-0.00837158679817004,-0.0067897503945929,1519,5
"Diatoms","ice_area_flux_lag1",-98890.4,-0.0065208852191364,-0.00832472578043494,-0.00588505504058159,1392,5
"Diatoms","ice_area_flux_lag1",-92388.6,0.00119480603289042,-0.000146879160774259,0.00302618493403679,1438,5
"Diatoms","ice_area_flux_lag1",-83075.95,0.00502843104332142,0.00405804132443676,0.0058717434664781,1570,5
"Diatoms","ice_area_flux_lag1",-73180.6,0.00615700576133169,0.00482321955082745,0.00780356518221356,1560,5
"Diatoms","ice_area_flux_lag1",-65703.1,0.00572186954160349,0.00428381145993532,0.00773776637325845,1656,5
"Diatoms","ice_area_flux_lag1",-59318.95,0.00365143650879119,0.00171362973084144,0.00496158884588417,1359,5
"Diatoms","ice_area_flux_lag1",-57087.7,0.00694401841265011,0.00625259563964074,0.00757798571805056,1418,5
"Diatoms","ice_area_flux_lag1",-52428.75,0.00850067493773652,0.00871799085612718,0.00896776519308969,1740,5
"Diatoms","ice_area_flux_lag1",-46458.55,0.00834481350640319,0.00825730373322968,0.00898823492963572,1462,5
"Diatoms","ice_area_flux_lag1",-41696.5,0.00908696730044416,0.00749376578980185,0.00991825044501271,1398,5
"Diatoms","ice_area_flux_lag1",-37485.5,-0.0033880268512711,-0.00372389083138894,-0.00148225538549326,1511,5
"Diatoms","ice_area_flux_lag1",-34042.15,-0.00232537222761866,-0.00347171075897382,-0.000895941475918078,1495,5
"Diatoms","ice_area_flux_lag1",-29113.8,-0.00619606380696444,-0.00968191320411839,-0.00393488819082793,1471,5
"Diatoms","ice_area_flux_lag1",-22279.4,-0.00616320495481398,-0.00734190265882117,-0.0048751021761214,1615,5
"Diatoms","ice_area_flux_lag1",-17055.05,-0.00313615317060059,-0.00404766614750729,-0.00116501316620075,1488,5
"Diatoms","ice_area_flux_lag1",-13933.1,-0.0043619401429756,-0.00642152283506939,-0.00240157170549066,1234,5
"Diatoms","ice_area_flux_lag1",-8274.95,-0.00265978780157133,-0.00423119073118434,-0.00234086735091872,1603,5
"Diatoms","ice_area_flux_lag1",2004.65,-0.00464853812167614,-0.00568567516075103,-0.00374357219466245,1739,5
"Diatoms","ice_area_flux_lag2",-167123.35,-0.0110657557281444,-0.012341549483666,-0.00874783651909518,1372,5
"Diatoms","ice_area_flux_lag2",-149032.65,-0.0148684857058039,-0.0165695509903616,-0.0121808824839787,1472,5
"Diatoms","ice_area_flux_lag2",-131478,-0.007672329481612,-0.0110722891021183,-0.00486502211761669,1388,5
"Diatoms","ice_area_flux_lag2",-116519.65,-0.00843674917889943,-0.010503373379796,-0.00593790354116292,1535,5
"Diatoms","ice_area_flux_lag2",-110905.7,-0.00726702393769486,-0.00996103147211672,-0.00484634437785898,1429,5
"Diatoms","ice_area_flux_lag2",-105966.6,-0.00633799097485718,-0.00845053526367453,-0.00509091780186614,1541,5
"Diatoms","ice_area_flux_lag2",-98890.4,-0.00507363580933641,-0.00696601123389397,-0.00377481518536143,1629,5
"Diatoms","ice_area_flux_lag2",-92388.6,0.000744933494119677,0.000469703191577349,0.00189295122562745,1571,5
"Diatoms","ice_area_flux_lag2",-85134.95,0.00647762215382774,0.00587797769457115,0.00704284472049062,1342,5
"Diatoms","ice_area_flux_lag2",-77819.75,0.00659768840902041,0.00568403295224351,0.00805768481002944,1482,5
"Diatoms","ice_area_flux_lag2",-73151.45,0.00638899135648002,0.00590657230948759,0.00662154546394355,1581,5
"Diatoms","ice_area_flux_lag2",-65720.7,0.00401581976674391,0.00310644869727848,0.0040573504110598,1367,5
"Diatoms","ice_area_flux_lag2",-59740.55,0.0053518891481233,0.00488437492980045,0.00557802047498986,1558,5
"Diatoms","ice_area_flux_lag2",-57837.25,0.00864747491575934,0.00869665424504509,0.0092987462009065,1601,5
"Diatoms","ice_area_flux_lag2",-52774.3,0.00908585011228582,0.00831952437113409,0.00942382367135762,1479,5
"Diatoms","ice_area_flux_lag2",-46458.55,0.00859890458732759,0.00744639769982982,0.00952669599769128,1599,5
"Diatoms","ice_area_flux_lag2",-40950.3,0.00370903145460013,0.00240932219419964,0.005787400335931,1542,5
"Diatoms","ice_area_flux_lag2",-34872.2,-0.00442587393309011,-0.00692641622104383,0.000267737633708245,1238,5
"Diatoms","ice_area_flux_lag2",-26066.9,0.000641767978814226,-0.00285787121997585,0.00506322018590243,1582,5
"Diatoms","ice_area_flux_lag2",-17781.3,0.00190727401456756,-0.00211861294838686,0.00509029640317962,1692,5
"Diatoms","ice_volume_flux_cumOct",-2285.6,0.0264524801244003,0.0243179159092946,0.0286974453958655,1340,5
"Diatoms","ice_volume_flux_cumOct",-1990.8,0.0326428162184345,0.0283966667467274,0.0360071008784874,1461,5
"Diatoms","ice_volume_flux_cumOct",-1830.75,0.0186157680587455,0.0177085981246765,0.0192748551757347,1535,5
"Diatoms","ice_volume_flux_cumOct",-1781.8,0.0177994155015596,0.0165457829660234,0.0188270375892269,1426,5
"Diatoms","ice_volume_flux_cumOct",-1714.4,0.0138218817449212,0.0132243026179229,0.0142761629078774,1572,5
"Diatoms","ice_volume_flux_cumOct",-1650.9,0.0169143233442875,0.0162791053198375,0.0170698900056498,1631,5
"Diatoms","ice_volume_flux_cumOct",-1621.9,0.0165106457696895,0.0156797508796489,0.0175520572002508,1293,5
"Diatoms","ice_volume_flux_cumOct",-1544.75,0.0154961810328369,0.0144376208408791,0.0160796792187108,1412,5
"Diatoms","ice_volume_flux_cumOct",-1455.3,-0.00638747662267275,-0.00793702624893352,-0.00516473459764109,1743,5
"Diatoms","ice_volume_flux_cumOct",-1389.45,-0.00897816785945723,-0.0109415770326756,-0.00745029545916695,1541,5
"Diatoms","ice_volume_flux_cumOct",-1315.35,-0.018732400963153,-0.0205163532152024,-0.0178565561989243,1245,5
"Diatoms","ice_volume_flux_cumOct",-1255.05,-0.0210155604298603,-0.0217750212152193,-0.0201611713365616,1545,5
"Diatoms","ice_volume_flux_cumOct",-1209.2,-0.0198773696343449,-0.020357610093925,-0.0192480624966922,1565,5
"Diatoms","ice_volume_flux_cumOct",-1172.85,-0.019112025595977,-0.0196955499604801,-0.0184930976140832,1526,5
"Diatoms","ice_volume_flux_cumOct",-1137.9,-0.0189128457433477,-0.0200194231288724,-0.0187936640134448,1534,5
"Diatoms","ice_volume_flux_cumOct",-1060.65,-0.00604807476608465,-0.00831540555705115,-0.0046923035649122,1520,5
"Diatoms","ice_volume_flux_cumOct",-988.8,-0.000151918635297433,-0.00215473080469099,0.00384603507206761,1338,5
"Diatoms","ice_volume_flux_cumOct",-970.4,-0.0055071087051711,-0.00741931342318038,-0.00288298140195622,1449,5
"Diatoms","ice_volume_flux_cumOct",-920.95,-0.00934920728375052,-0.0107775249349002,-0.00854968550631992,1751,5
"Diatoms","ice_volume_flux_cumOct",-784.3,-0.0164318046864122,-0.0185821409636275,-0.0141120411298372,1573,5
"Diatoms","ice_volume_flux_current",-245.6,-0.0103843856944242,-0.0121116971616696,-0.00920009666449509,1419,5
"Diatoms","ice_volume_flux_current",-166.2,0.00364625279791295,0.00191752355757873,0.00583018969246916,1334,5
"Diatoms","ice_volume_flux_current",-129.25,0.00428103312320281,0.00263823853576027,0.00487311737236389,1629,5
"Diatoms","ice_volume_flux_current",-111.95,0.0013845034466043,0.000104736146051394,0.00318910030307044,1604,5
"Diatoms","ice_volume_flux_current",-102,0.00197249807370329,0.00131577993752635,0.00377690942131517,1253,5
"Diatoms","ice_volume_flux_current",-93.55,0.00287735988786955,0.00219188045055152,0.00422134377295341,1707,5
"Diatoms","ice_volume_flux_current",-86.25,0.00183686713066186,0.00148225593083621,0.00264025898827788,1467,5
"Diatoms","ice_volume_flux_current",-76.65,0.00540342996144036,0.00432551277717855,0.0060602684018207,1056,5
"Diatoms","ice_volume_flux_current",-62,-0.00549673750740104,-0.00609849862593991,-0.0049994202776689,1979,5
"Diatoms","ice_volume_flux_current",-52.3,-0.00784015043683019,-0.00794956623690081,-0.00718974023498677,1532,5
"Diatoms","ice_volume_flux_current",-44.05,-0.0075364880899781,-0.00855534461963108,-0.00646480797077015,1379,5
"Diatoms","ice_volume_flux_current",-35.55,-0.00499158015246029,-0.00553876892306399,-0.00383074059787771,1429,5
"Diatoms","ice_volume_flux_current",-32,-0.000917827668583865,-0.00201697624075425,-0.000427009204675882,1540,5
"Diatoms","ice_volume_flux_current",-27.15,-0.00146700828546622,-0.00298613006512371,-0.000823382846075247,1510,5
"Diatoms","ice_volume_flux_current",-22.9,-0.000397585167678467,-0.00106399170633648,-0.000180144103730805,1541,5
"Diatoms","ice_volume_flux_current",-17.6,5.7812302037306e-05,-0.00111764085918893,0.000641301809188507,1554,5
"Diatoms","ice_volume_flux_current",-10.35,0.00160206338085758,0.000607514790367455,0.00188066563804018,1520,5
"Diatoms","ice_volume_flux_current",-5.7,-0.00475827708347939,-0.00544216189847496,-0.00488736373266242,1320,5
"Diatoms","ice_volume_flux_current",-1.5,0.0106539308721564,0.00667248323682444,0.0144732747826905,1685,5
"Diatoms","ice_volume_flux_current",10.25,0.00995669688439514,0.00526816776287185,0.0142419561254147,1542,5
"Diatoms","ice_volume_flux_lag1",-284.9,0.0166500655366139,0.0135803366995746,0.0199761015707487,1482,5
"Diatoms","ice_volume_flux_lag1",-227.35,0.0182179059049065,0.0143690034947325,0.0206201403334612,1413,5
"Diatoms","ice_volume_flux_lag1",-192.45,0.0125545200533491,0.00953825255860539,0.0141758311781543,1426,5
"Diatoms","ice_volume_flux_lag1",-163.3,0.00580555993751527,0.00301985827197557,0.00895480323640354,1643,5
"Diatoms","ice_volume_flux_lag1",-143.85,0.00665695662463282,0.00500362973537784,0.00885087963607282,1198,5
"Diatoms","ice_volume_flux_lag1",-133.1,0.00518185935909893,0.0034410838037308,0.00678979606859697,1835,5
"Diatoms","ice_volume_flux_lag1",-120.7,0.00580821349614469,0.00537930888384875,0.00693787274173384,1446,5
"Diatoms","ice_volume_flux_lag1",-113.25,-0.00232161086201975,-0.00441994259502371,-0.000136650696833968,1330,5
"Diatoms","ice_volume_flux_lag1",-103.55,-0.00260522822679709,-0.00444050512865173,-0.00044198530479022,1580,5
"Diatoms","ice_volume_flux_lag1",-93.9,-0.00277893839792708,-0.00372754460475265,-0.000933636696898185,1547,5
"Diatoms","ice_volume_flux_lag1",-89.2,-0.00487472889156559,-0.00625193152365819,-0.00376071016610763,1462,5
"Diatoms","ice_volume_flux_lag1",-83.5,0.00142740538294325,-0.00136809327987563,0.0028793005324747,1516,5
"Diatoms","ice_volume_flux_lag1",-71.85,0.0112872808279887,0.00621820483266083,0.0148335849399809,1455,5
"Diatoms","ice_volume_flux_lag1",-58.75,-0.0105363306225595,-0.0139632900666494,-0.00663660576181754,1564,5
"Diatoms","ice_volume_flux_lag1",-52.15,-0.0109464991223945,-0.0135986180451783,-0.00889738646415993,1450,5
"Diatoms","ice_volume_flux_lag1",-43.6,-0.00773275810883442,-0.00836503820749612,-0.00611969252061137,1496,5
"Diatoms","ice_volume_flux_lag1",-30.3,-0.0129296420742425,-0.0135773409057218,-0.0112230428029552,1581,5
"Diatoms","ice_volume_flux_lag1",-22.3,-0.0127128411152412,-0.0130005719443586,-0.0110924540695645,1198,5
"Diatoms","ice_volume_flux_lag1",-13.35,-0.00597941002166387,-0.00696417110917025,-0.0043968664982862,1639,5
"Diatoms","ice_volume_flux_lag1",6,-0.00822692089962774,-0.00929497062127209,-0.00681537276542764,1739,5
"Diatoms","ice_volume_flux_lag2",-362.55,0.02784819899037,0.0267068780587476,0.0294163312414073,1281,5
"Diatoms","ice_volume_flux_lag2",-273.8,0.0398762544120896,0.0390728712690943,0.0430711312140784,1701,5
"Diatoms","ice_volume_flux_lag2",-247.2,0.0206845064312802,0.0165395098721692,0.0218373644650242,1308,5
"Diatoms","ice_volume_flux_lag2",-232.9,0.0016685028445947,0.00146688394288706,0.00222410973496565,1576,5
"Diatoms","ice_volume_flux_lag2",-208.25,-0.000876078058892296,-0.00110961355816289,-0.000669792589546039,1507,5
"Diatoms","ice_volume_flux_lag2",-187.65,-0.000897157062709534,-0.00162942436629245,0.000224526509646196,1527,5
"Diatoms","ice_volume_flux_lag2",-174,-0.00800072771962888,-0.00901280380355581,-0.00760348243334513,1485,5
"Diatoms","ice_volume_flux_lag2",-157.5,-0.00825921769290993,-0.00890322170694538,-0.00730237933205327,1562,5
"Diatoms","ice_volume_flux_lag2",-144.7,-0.00831445271912274,-0.00902061270794262,-0.00738949870578616,1244,5
"Diatoms","ice_volume_flux_lag2",-135.25,-0.00940823316540847,-0.0118159455869128,-0.00760513559372694,1701,5
"Diatoms","ice_volume_flux_lag2",-122.75,-0.00981023803298358,-0.0117595493547531,-0.00838511684919466,1397,5
"Diatoms","ice_volume_flux_lag2",-115.4,-0.00937572071564387,-0.0112763593064664,-0.00790767678618568,1558,5
"Diatoms","ice_volume_flux_lag2",-110.25,-0.00889355113144471,-0.00994076043821703,-0.00846375761143161,1477,5
"Diatoms","ice_volume_flux_lag2",-101.75,-0.00612386742599148,-0.00645092103889319,-0.00563943255367218,1583,5
"Diatoms","ice_volume_flux_lag2",-93.15,-0.00623199452556581,-0.00828248967587396,-0.00502763828993519,1281,5
"Diatoms","ice_volume_flux_lag2",-86.95,0.00102392132129634,-0.000626479704487197,0.00189573583797565,1432,5
"Diatoms","ice_volume_flux_lag2",-77.5,0.000620795260857344,5.84577569163192e-05,0.00148701393367751,1546,5
"Diatoms","ice_volume_flux_lag2",-62.2,-0.00482149871722281,-0.00510465919151715,-0.00470937868562504,1530,5
"Diatoms","ice_volume_flux_lag2",-49.05,-0.00527975017233777,-0.00602540677078086,-0.00528653641022723,1583,5
"Diatoms","ice_volume_flux_lag2",-34.55,-0.00402970673144932,-0.00471681755589727,-0.00383141257115434,1721,5
"Diatoms","latitude",70.4375,-0.00786624899926119,-0.0079488670247703,-0.00747057773243063,1374,5
"Diatoms","latitude",71,-0.00712344645154333,-0.00783041388757157,-0.0065501719911613,1388,5
"Diatoms","latitude",71.4375,-0.00705319053473861,-0.00794734034051882,-0.00645609809156433,1416,5
"Diatoms","latitude",71.8125,-0.00635275462824133,-0.00707260712859972,-0.00578055317072137,1534,5
"Diatoms","latitude",72.1875,-0.00519393555540957,-0.00594185478372717,-0.00467167476499782,1561,5
"Diatoms","latitude",72.5625,-0.00488075255778687,-0.00564606484329204,-0.00431360515041074,1436,5
"Diatoms","latitude",72.9375,-0.00454171269090256,-0.0053747278376643,-0.00388716981808258,1421,5
"Diatoms","latitude",73.3125,-0.00385528080142421,-0.00463050462688644,-0.00334165503350828,1410,5
"Diatoms","latitude",73.75,-0.00199866446496798,-0.00244788560267155,-0.0017540512125884,1897,5
"Diatoms","latitude",74.1875,-0.00172090543730159,-0.00202231757877132,-0.00130812794709225,1394,5
"Diatoms","latitude",74.5625,-0.00141498259083088,-0.00165675350959274,-0.00116185129777313,1348,5
"Diatoms","latitude",75,0.000768292983752108,0.000257270715301973,0.00098737344204247,1751,5
"Diatoms","latitude",75.4375,0.00117598389621185,0.000917871517267332,0.00166264492290361,1269,5
"Diatoms","latitude",75.875,0.00196741876225707,0.00153450319887576,0.00256084931106442,1600,5
"Diatoms","latitude",76.375,0.00390210083417724,0.00319076020482657,0.00381917301920545,1518,5
"Diatoms","latitude",76.9375,0.00317904158167693,0.00247682466420861,0.00302596257188279,1591,5
"Diatoms","latitude",77.625,0.00481505216541429,0.00402022952184167,0.00600789518133961,1563,5
"Diatoms","latitude",78.4375,0.00606084796419033,0.00529076924214043,0.00651031760261812,1500,5
"Diatoms","latitude",79.5,0.00979396812847588,0.00915870882122902,0.00982034036227,1453,5
"Diatoms","latitude",81.75,0.0175872329598935,0.0156249834126958,0.0183529995478717,1576,5
"Diatoms","longitude",-19.8125,0.00913131021040917,0.00865007468728538,0.00962194837766653,1472,5
"Diatoms","longitude",-12.875,0.00927036472476014,0.00905865904056349,0.00942697934248985,1481,5
"Diatoms","longitude",-9.5625,0.0105067826622285,0.0100407594062776,0.0111189468507269,1509,5
"Diatoms","longitude",-6.75,0.0071071795882579,0.00689395914231154,0.00731489216968515,1503,5
"Diatoms","longitude",-4.0625,0.0075704270860293,0.0073113697525776,0.00752436683687637,1502,5
"Diatoms","longitude",-1.625,0.00766150627798982,0.00742248508669748,0.00791050882261152,1465,5
"Diatoms","longitude",0.625,0.00371389311620813,0.00316732416108251,0.00353502294440153,1487,5
"Diatoms","longitude",2.875,0.00344127991439972,0.00337928464382865,0.00343653772034703,1578,5
"Diatoms","longitude",5.0625,0.0029749402051175,0.00286264231579823,0.00307381867892159,1479,5
"Diatoms","longitude",7.125,0.00052543283836515,0.000378628861468461,0.000806491017845686,1467,5
"Diatoms","longitude",9.1875,-0.000599804230289065,-0.00123010693784073,-0.000464490303020017,1501,5
"Diatoms","longitude",11.5,-0.00156631653381252,-0.00220319444773464,-0.00127243942548149,1545,5
"Diatoms","longitude",14.1875,-0.00500222649449749,-0.00548299087038348,-0.00484042616250056,1510,5
"Diatoms","longitude",17.25,-0.00538693406971169,-0.00615824868556522,-0.0050811078313658,1482,5
"Diatoms","longitude",20.5,-0.00794740784908289,-0.00926557767088829,-0.00679305323156048,1486,5
"Diatoms","longitude",23.6875,-0.00862055694952372,-0.00932203921817026,-0.00779854851366741,1511,5
"Diatoms","longitude",26.5625,-0.00894846334297437,-0.00930048917484111,-0.00849963998163279,1450,5
"Diatoms","longitude",29.125,-0.00963479037450059,-0.0100443825522251,-0.00935098382982642,1515,5
"Diatoms","longitude",31.5,-0.00802002631793497,-0.00872745176247413,-0.00712010237666352,1472,5
"Diatoms","longitude",33.75,-0.00590285622740383,-0.00654960252566857,-0.00548070458234144,1585,5
"Diatoms","mlotst",3.3439808011055,0.000740125681223311,0.000564083077496504,0.00132473108750976,1500,5
"Diatoms","mlotst",3.97269619703293,-0.000558928726802527,-0.000524158547631706,-0.000254359884399292,1500,5
"Diatoms","mlotst",4.35526299476624,-0.00180909633357004,-0.00182514174300389,-0.00167240011899545,1500,5
"Diatoms","mlotst",4.69006006717682,-0.00219851096843668,-0.00221076411206441,-0.00210666710680553,1500,5
"Diatoms","mlotst",4.98129134178162,-0.00242413912871944,-0.0027151448569991,-0.00237119029771723,1500,5
"Diatoms","mlotst",5.27555522918701,-0.00262277831891991,-0.00293235550183402,-0.00262530796360007,1500,5
"Diatoms","mlotst",5.56517120599747,-0.00302413097302942,-0.00345802501119914,-0.00268205598368582,1500,5
"Diatoms","mlotst",5.83736873865128,-0.00313855781380369,-0.00340470059186299,-0.00294280677200247,1500,5
"Diatoms","mlotst",6.14274145364761,-0.00267422734923644,-0.00297490201755824,-0.00233176579334197,1500,5
"Diatoms","mlotst",6.51168130636215,-0.0024976762673913,-0.00276200854833046,-0.00221268363537967,1500,5
"Diatoms","mlotst",6.94745781421661,-0.00238727034814873,-0.00258235434824342,-0.00226842932537772,1500,5
"Diatoms","mlotst",7.4457447052002,-0.00232360002153519,-0.00253683162605253,-0.0021017462065344,1500,5
"Diatoms","mlotst",8.03821132183075,-0.00144574769547357,-0.00162501243159038,-0.00116016758804882,1500,5
"Diatoms","mlotst",8.78878605365753,-0.000622563366092244,-0.000857716053967006,-0.000184410207815879,1500,5
"Diatoms","mlotst",9.78355951309204,0.000416038226282761,0.000228180632709522,0.000688701718176683,1500,5
"Diatoms","mlotst",11.2025205135345,0.00173408382776713,0.00155207343749684,0.00208043192301461,1500,5
"Diatoms","mlotst",13.397737121582,0.002673167809334,0.00262320957475834,0.00304869514618668,1500,5
"Diatoms","mlotst",17.4181635856629,0.00336317953495356,0.00333574814484346,0.00372375585595888,1500,5
"Diatoms","mlotst",26.1389148712159,0.00338107831507005,0.0035909257545137,0.00382532090534084,1500,5
"Diatoms","mlotst",763.389398288727,0.0154195539165284,0.0147523128183166,0.0160614407944321,1500,5
"Diatoms","qnet_wm2",-175.507891464233,0.00361670320721903,0.00273270432540753,0.00421245369798074,1500,5
"Diatoms","qnet_wm2",-144.057303237915,0.00296505430424853,0.00202161070101319,0.00310222963051479,1500,5
"Diatoms","qnet_wm2",-133.651097869873,0.000648121460174945,-0.000320151925406102,0.000737400497359146,1500,5
"Diatoms","qnet_wm2",-125.557604980469,-0.00283254414471772,-0.00435817320697168,-0.00202877828515404,1500,5
"Diatoms","qnet_wm2",-118.786698913574,-0.00298871974164452,-0.00387246618151254,-0.00230178114511248,1500,5
"Diatoms","qnet_wm2",-112.455151367187,-0.00278700949267646,-0.00358490448277177,-0.00183690981077506,1500,5
"Diatoms","qnet_wm2",-106.086956787109,-0.00269952081895622,-0.00320293639050733,-0.00175803134544019,1499,5
"Diatoms","qnet_wm2",-99.6903961181641,-0.00223183008900837,-0.00312461520604609,-0.0012890500683539,1501,5
"Diatoms","qnet_wm2",-93.4285877227783,-0.0023630249724562,-0.00269096182235868,-0.00157736523055844,1500,5
"Diatoms","qnet_wm2",-86.9671230316162,0.000747184008843969,0.000335437016118238,0.00112767013202104,1500,5
"Diatoms","qnet_wm2",-80.160428237915,0.00084240168000016,0.000455870843632092,0.00130962240491295,1500,5
"Diatoms","qnet_wm2",-73.0012722015381,0.000427804764702042,-0.000175476068660085,0.000876661411028065,1500,5
"Diatoms","qnet_wm2",-65.4066024780273,-0.00307826023053234,-0.0041577234766503,-0.0021088057137603,1500,5
"Diatoms","qnet_wm2",-58.0454429626465,-0.00487321644614504,-0.00660180045181546,-0.00371545407995215,1500,5
"Diatoms","qnet_wm2",-50.7333885192871,-0.00462100667762104,-0.00597390404143884,-0.00334975006280589,1500,5
"Diatoms","qnet_wm2",-43.0316192626953,-0.0028415806412013,-0.0042574824732605,-0.00186918771592277,1500,5
"Diatoms","qnet_wm2",-34.9049072265625,-0.00130350515244495,-0.00237677364399443,-0.000480287712755408,1500,5
"Diatoms","qnet_wm2",-25.7159118652344,0.000932699150302176,0.000750486111338076,0.00144393997631422,1500,5
"Diatoms","qnet_wm2",-13.8873882293701,0.00538554928298903,0.00472364763124631,0.00675309790211385,1500,5
"Diatoms","qnet_wm2",48.7390338897705,0.0170543887551043,0.0157844820461794,0.0184360287559122,1500,5
"Diatoms","siconc",-5.55111512312578e-17,-0.00529196877645947,-0.00561475848623195,-0.00492054078869476,122,5
"Diatoms","siconc",0.0151992904327534,-0.00085224490932088,-0.000853557018640519,-0.000835264107753409,25378,5
"Diatoms","siconc",0.131678075667372,-0.000667352588536997,-0.000876407791502427,-0.000396657689959041,1500,5
"Diatoms","siconc",0.386086270024381,-0.000898458494432957,-0.00101569113870276,-0.000531392469522728,1500,5
"Diatoms","siconc",0.767967858554301,0.0164150720826189,0.0159125253706201,0.0165053332669454,1500,5
"Diatoms","siconc_lag1",-5.55111512312578e-17,-0.00125728520200864,-0.001381977699827,-0.00107951704178833,102,5
"Diatoms","siconc_lag1",5.61418319154365e-08,0.000102046573818121,0.000120552673301704,0.0001615554471761,22398,5
"Diatoms","siconc_lag1",0.0390312708509234,-0.00129698922671563,-0.00140964903382178,-0.00100419571127837,1500,5
"Diatoms","siconc_lag1",0.187950357550851,-0.00218686700385496,-0.00255333704000458,-0.0020322473847928,1500,5
"Diatoms","siconc_lag1",0.426959799023873,-0.00332641754267423,-0.00361287879543788,-0.00314122502782552,1500,5
"Diatoms","siconc_lag1",0.658160658594695,-0.00424244536364091,-0.00490225034449391,-0.00377747013997675,1500,5
"Diatoms","siconc_lag1",0.879186031179312,0.00961445509037014,0.00886803576922673,0.0101802508504471,1500,5
"Diatoms","sithick",-5.55111512312578e-17,-0.00532833907166987,-0.00592295625421018,-0.00494752297335571,142,5
"Diatoms","sithick",0.00688009171764841,-0.000866861407049085,-0.000885839951700538,-0.000847977867084338,25358,5
"Diatoms","sithick",0.104021847043743,-0.000497661938341738,-0.00055594721987947,-0.000426724882091409,1500,5
"Diatoms","sithick",0.443059171983754,-0.000317726827184011,-0.000360500193182186,-0.000136034316491787,1500,5
"Diatoms","sithick",3.1706699471746,0.0159743859042776,0.0154814024063798,0.0163602325846875,1500,5
"Diatoms","sithick_lag1",-5.55111512312578e-17,-0.00163048672951323,-0.00183035026290923,-0.00147719177848827,107,5
"Diatoms","sithick_lag1",2.83166842087477e-08,-0.000288432084870894,-0.000332434862132332,-0.00018955810732553,22393,5
"Diatoms","sithick_lag1",0.0181279352195964,-0.00217367702931435,-0.00229567910677828,-0.00187767074232812,1500,5
"Diatoms","sithick_lag1",0.133478709664102,-0.0017362438760276,-0.00195587459535705,-0.00144707663177591,1500,5
"Diatoms","sithick_lag1",0.417957694165218,-0.00232818029671723,-0.00262704761810065,-0.00208463154526936,1500,5
"Diatoms","sithick_lag1",0.860966880145731,-0.0014304135539511,-0.00179743152284197,-0.00139539983332499,1500,5
"Diatoms","sithick_lag1",3.36796851695009,0.0120907292603915,0.0120128757189112,0.0131564290286681,1500,5
"Diatoms","so",28.719456577301,-0.00660994438947276,-0.00736009750941131,-0.00564789345466011,1500,5
"Diatoms","so",32.7376334190369,-0.00847540155414297,-0.00898674836422873,-0.00793591667788156,1500,5
"Diatoms","so",33.5146910667419,-0.00707087835196636,-0.00747634530513112,-0.00680330107108476,1500,5
"Diatoms","so",33.8864081382751,-0.006720027459831,-0.00714492282158742,-0.0064790427106943,1500,5
"Diatoms","so",34.1593770027161,-0.00378249005101446,-0.00392963573261582,-0.00363695983165221,1500,5
"Diatoms","so",34.3616950035095,-0.00197914318733056,-0.00242013776821921,-0.00202569877252381,1500,5
"Diatoms","so",34.4996685028076,-0.0013496178410088,-0.0017957340297915,-0.00109015819344596,1500,5
"Diatoms","so",34.5969903945923,-0.000566718789878673,-0.00101774798846304,-0.000340786542665837,1500,5
"Diatoms","so",34.6702027320862,-0.00103382835621484,-0.00132602824355902,-0.00110882062466135,1500,5
"Diatoms","so",34.7281674385071,-0.00102851772076478,-0.00132005586074187,-0.00130322235000032,1500,5
"Diatoms","so",34.7779176712036,-0.00119655066817718,-0.00149623492734499,-0.00110284351025663,1500,5
"Diatoms","so",34.8213991165161,0.000352404924664126,0.000179511190709498,0.000469711118300182,1500,5
"Diatoms","so",34.8635138511658,0.00131865278189068,0.00122115637137693,0.00128876373778544,1500,5
"Diatoms","so",34.9046219825745,0.0019650614928287,0.0018575677855498,0.00210093407787701,1500,5
"Diatoms","so",34.9425378799438,0.00227843931659197,0.00240800256404675,0.00250673441731873,1499,5
"Diatoms","so",34.978018951416,0.00231580895725139,0.00226508882164278,0.00278423002917269,1501,5
"Diatoms","so",35.0123578071594,0.00274780548880767,0.00274952184895595,0.00314340009155484,1500,5
"Diatoms","so",35.0458579063416,0.00505899396306041,0.00496812819229406,0.00605316537100705,1500,5
"Diatoms","so",35.0802186965942,0.00819742035888915,0.0081078222683309,0.00906833373778546,1500,5
"Diatoms","so",35.1377075195312,0.0155785061727245,0.0156528456537918,0.0168460474626699,1500,5
"Diatoms","thetao",-1.60977289676666,0.00548445914046409,0.00440310799034726,0.00645755702731185,1500,5
"Diatoms","thetao",-0.722433920204639,0.00376224972970249,0.00347642583690708,0.00385353035011396,1500,5
"Diatoms","thetao",0.30328124910593,-0.00128303176959257,-0.00171173459925789,-0.000669783259228146,1500,5
"Diatoms","thetao",1.16496098935604,-0.00166644544604661,-0.00204990937115138,-0.00177155218024526,1500,5
"Diatoms","thetao",1.94730623364449,-0.00118855366573968,-0.00154948923145689,-0.000745852278896487,1500,5
"Diatoms","thetao",2.62087122797966,-0.00161949514970233,-0.00202417267074384,-0.00107881499190163,1500,5
"Diatoms","thetao",3.22959906458855,-0.0015626366058967,-0.00229078048882879,-0.00130288928448703,1500,5
"Diatoms","thetao",3.78788873553276,-0.00260190735012965,-0.00288271467937479,-0.00224769021161733,1500,5
"Diatoms","thetao",4.29063400030136,-0.0015260997797099,-0.00170499230542533,-0.00140607770393178,1500,5
"Diatoms","thetao",4.74536036252975,-0.00128416487581813,-0.0014636033057337,-0.00102692983245702,1500,5
"Diatoms","thetao",5.15914047956467,-7.25746670701979e-05,-0.000543830544286715,0.000186824946161047,1500,5
"Diatoms","thetao",5.53641427755356,-0.000210764649179213,-0.000506649320752339,0.000314601270849584,1500,5
"Diatoms","thetao",5.90449076890946,0.00044739312623739,0.000227118916762005,0.000615706627213781,1500,5
"Diatoms","thetao",6.29200044870377,0.000646678014567543,0.000510821067987062,0.000761665377833842,1500,5
"Diatoms","thetao",6.71280429363251,0.000441074361103894,-6.56220991957848e-05,0.000962167535829492,1500,5
"Diatoms","thetao",7.16784131526947,0.000191397256541624,-7.62693445227544e-05,0.000567045193436845,1500,5
"Diatoms","thetao",7.69122985601425,-0.0015104369326351,-0.00173370856425947,-0.000994085998115408,1500,5
"Diatoms","thetao",8.33572520017624,-0.00264249960665002,-0.00306653588205098,-0.0020633008726943,1500,5
"Diatoms","thetao",9.12790832519531,-0.00207862531150126,-0.0026425730335498,-0.00137006285965272,1500,5
"Diatoms","thetao",11.8442385196686,0.00827398418105434,0.00819966388008316,0.00886802374787527,1500,5
"Diatoms","u10_ms",-4.48714413642883,0.00502144342415784,0.00380474553918107,0.00564510615437435,1500,5
"Diatoms","u10_ms",-2.47573642730713,0.00303464847361587,0.0022309077369842,0.00390916033833026,1500,5
"Diatoms","u10_ms",-1.92855386734009,0.000846056989735518,0.000365405600964396,0.000747938328712221,1500,5
"Diatoms","u10_ms",-1.56627173423767,-0.00139131274311755,-0.00233368169961582,-0.000820208505955364,1500,5
"Diatoms","u10_ms",-1.27422707080841,-0.00281351162646335,-0.00369574320927027,-0.00218368791696823,1500,5
"Diatoms","u10_ms",-1.01970841884613,-0.00430404450695683,-0.00510193009169407,-0.00376728563607102,1500,5
"Diatoms","u10_ms",-0.782431483268738,-0.00605559526896485,-0.00657029695213679,-0.00600455973596529,1500,5
"Diatoms","u10_ms",-0.556042695045471,-0.00668882325834817,-0.00702879579962245,-0.00607551125056111,1500,5
"Diatoms","u10_ms",-0.336241030693054,-0.00631591333438139,-0.00678753600723192,-0.00588883821069267,1500,5
"Diatoms","u10_ms",-0.134456610679626,-0.00572217017895026,-0.00596884662549067,-0.00581954980303392,1500,5
"Diatoms","u10_ms",0.0554615736007691,-0.00350101982350965,-0.00411431412728861,-0.00313565447323181,1500,5
"Diatoms","u10_ms",0.244192099571228,-0.0030110472118315,-0.00339825417019228,-0.00255560533669125,1500,5
"Diatoms","u10_ms",0.433669924736023,-0.00248786728970281,-0.00289314036676008,-0.00197547576758231,1500,5
"Diatoms","u10_ms",0.631356263160706,-0.00164789871312016,-0.00218437866308145,-0.00135552205888846,1500,5
"Diatoms","u10_ms",0.849999737739563,-0.000426710670739955,-0.000733339403610979,-0.000159817284503283,1500,5
"Diatoms","u10_ms",1.0992623090744,0.00214168552383835,0.00193896207028521,0.00257661708209244,1500,5
"Diatoms","u10_ms",1.38545875549316,0.00220134848711686,0.000901446574686195,0.00264720110130108,1500,5
"Diatoms","u10_ms",1.72764925956726,0.00484532587509997,0.0033930124887672,0.00570270667938355,1500,5
"Diatoms","u10_ms",2.22208890914917,0.00910039864503435,0.0082156660983298,0.0102228999133066,1500,5
"Diatoms","u10_ms",3.82696070671082,0.0171750072074877,0.0162238573389532,0.0180111137880716,1500,5
"Diatoms","v10_ms",-5.22996804714203,0.0108694207387157,0.00892633419862539,0.0128228655416926,1500,5
"Diatoms","v10_ms",-3.35898492336273,0.00407258848573046,0.00251968977866942,0.00561568621784613,1500,5
"Diatoms","v10_ms",-2.82399249076843,0.000680513665455903,-0.000111905105520484,0.00181003080106171,1500,5
"Diatoms","v10_ms",-2.41916728019714,-0.00210631655342331,-0.00243933520393891,-0.00117768868760538,1499,5
"Diatoms","v10_ms",-2.06217181682587,-0.00131876357854879,-0.00150818876314019,-0.000695189627536959,1501,5
"Diatoms","v10_ms",-1.74978787899017,-0.00245070193743848,-0.00245704457269983,-0.0023078903196516,1500,5
"Diatoms","v10_ms",-1.46472475528717,-0.00307352182991906,-0.0033058387673341,-0.00274388557760861,1500,5
"Diatoms","v10_ms",-1.20515768527985,-0.00312801776688254,-0.00330779177012573,-0.00302726312512736,1500,5
"Diatoms","v10_ms",-0.97615692615509,-0.00356134003509327,-0.00401216406578647,-0.00363446605334511,1500,5
"Diatoms","v10_ms",-0.755188298225403,-0.00513311223337243,-0.00532720845410219,-0.00498628016456898,1500,5
"Diatoms","v10_ms",-0.530504512786865,-0.00552011554927553,-0.0058318821578668,-0.0053289756450625,1500,5
"Diatoms","v10_ms",-0.305661392211914,-0.0054395829944276,-0.00599397800330768,-0.00535020796929688,1500,5
"Diatoms","v10_ms",-0.0811277151107782,-0.00553274733158144,-0.00579121607076593,-0.00573135734296866,1500,5
"Diatoms","v10_ms",0.148046851158143,-0.00448811297012428,-0.00536981742275135,-0.00390552427773933,1500,5
"Diatoms","v10_ms",0.376087236404419,-0.00306030783162533,-0.00380158613195905,-0.00267770326571478,1500,5
"Diatoms","v10_ms",0.617090034484863,-0.00156824160644825,-0.00235116757555372,-0.000710177272590529,1500,5
"Diatoms","v10_ms",0.884289598464966,0.00157411784514779,0.000476644275177823,0.00275274431719978,1500,5
"Diatoms","v10_ms",1.21576657295227,0.00465938395156142,0.00387166653732809,0.00526888742585309,1500,5
"Diatoms","v10_ms",1.73703584671021,0.0106126485413664,0.0102330270097495,0.0114109749685945,1500,5
"Diatoms","v10_ms",4.24870538711548,0.0139116839548661,0.0140854366593785,0.0143624910445342,1500,5
"Phaeocystis","ice_area_flux_cumOct",-1094941.9,-0.0196440955559772,-0.0207208619533433,-0.0186835763504916,1145,5
"Phaeocystis","ice_area_flux_cumOct",-1064954.4,-0.019570676652552,-0.0210055757794115,-0.0182953989598736,1717,5
"Phaeocystis","ice_area_flux_cumOct",-1030765.35,-0.0227511519533323,-0.0245525387213946,-0.0214733462722492,1368,5
"Phaeocystis","ice_area_flux_cumOct",-1004298.8,-0.0308040712666622,-0.0310383763985978,-0.0300103089286471,1645,5
"Phaeocystis","ice_area_flux_cumOct",-989007.35,-0.0226327148740919,-0.0238532966779197,-0.0221355242852724,1478,5
"Phaeocystis","ice_area_flux_cumOct",-974171.25,-0.0227232772331563,-0.0239461624901881,-0.0226035356325711,1370,5
"Phaeocystis","ice_area_flux_cumOct",-955284.2,-0.0238726868287093,-0.0264568605973801,-0.0204296109462344,1618,5
"Phaeocystis","ice_area_flux_cumOct",-940621.85,-0.0232767728952508,-0.0254560775279023,-0.0201939752995091,1616,5
"Phaeocystis","ice_area_flux_cumOct",-920699.95,-0.0211597536114455,-0.0223618215334761,-0.0208138726951221,1343,5
"Phaeocystis","ice_area_flux_cumOct",-902694.95,-0.00416631833367126,-0.00636642327514681,-0.00186754341184399,1409,5
"Phaeocystis","ice_area_flux_cumOct",-891877.3,0.0157619978150947,0.0138502947005588,0.0163236628989487,1694,5
"Phaeocystis","ice_area_flux_cumOct",-883250.7,0.020502257965081,0.019992280275595,0.021563354756568,1307,5
"Phaeocystis","ice_area_flux_cumOct",-869829.35,0.0397755332624498,0.034891367822226,0.0376731730601068,1634,5
"Phaeocystis","ice_area_flux_cumOct",-851860.75,0.0134906245010272,0.011589316140992,0.0135544121776865,1483,5
"Phaeocystis","ice_area_flux_cumOct",-838541.05,0.0210892507983262,0.0185656255179821,0.0234728209625693,1545,5
"Phaeocystis","ice_area_flux_cumOct",-828009.4,0.0218825080512757,0.0215632520680249,0.0226660924022612,1332,5
"Phaeocystis","ice_area_flux_cumOct",-801844.95,0.0173868581876865,0.0170041734561524,0.0175548390139639,1681,5
"Phaeocystis","ice_area_flux_cumOct",-770456.75,0.0184861530695587,0.01826936447159,0.0190928397835859,1595,5
"Phaeocystis","ice_area_flux_cumOct",-711927.15,0.0193001457821665,0.0179978030153733,0.0215505988776065,1447,5
"Phaeocystis","ice_area_flux_cumOct",-630775.8,0.016614940104332,0.0136166449402277,0.0195632511040245,1573,5
"Phaeocystis","ice_area_flux_current",-102652.05,0.0191439179887375,0.0139299187200884,0.020990292855701,1387,5
"Phaeocystis","ice_area_flux_current",-79049.55,0.0244710251277836,0.019365019493561,0.0242720167550837,1466,5
"Phaeocystis","ice_area_flux_current",-64230.1,0.02849073502044,0.0236713562611336,0.0274461675705653,1421,5
"Phaeocystis","ice_area_flux_current",-58320,0.0166565964960395,0.013009027092544,0.0151906764127787,1435,5
"Phaeocystis","ice_area_flux_current",-52910.85,0.0156775253228053,0.0128223774501902,0.0155962792027917,1722,5
"Phaeocystis","ice_area_flux_current",-46990.5,0.0142921860008645,0.0118698427025982,0.0143714760340377,1326,5
"Phaeocystis","ice_area_flux_current",-43958.3,0.0143785882411986,0.0106161707228162,0.0161684521486883,1485,5
"Phaeocystis","ice_area_flux_current",-40081.2,0.0136968798064138,0.0102593805616277,0.014643403965175,1480,5
"Phaeocystis","ice_area_flux_current",-34872.2,0.0161728662602826,0.0130593156022492,0.0191364307879084,1728,5
"Phaeocystis","ice_area_flux_current",-30974,0.0147349731801993,0.0121338248396081,0.0178737635361261,1221,5
"Phaeocystis","ice_area_flux_current",-27912.75,0.00809262542527779,0.00681258271636703,0.00960192749330434,1462,5
"Phaeocystis","ice_area_flux_current",-22518.05,-0.000504643144224696,-0.00425212591111532,0.003041139412054,1417,5
"Phaeocystis","ice_area_flux_current",-18644.15,-0.00830258144970684,-0.0100548060952625,-0.0044276752814303,1633,5
"Phaeocystis","ice_area_flux_current",-17347.95,-0.00852304168948054,-0.010824722372395,-0.00483826639787053,1775,5
"Phaeocystis","ice_area_flux_current",-14226,-0.00944103111120607,-0.0106897538814458,-0.00546706238779664,1526,5
"Phaeocystis","ice_area_flux_current",-10281.85,-0.0114173419652159,-0.0149302340465149,-0.00759951105487052,1449,5
"Phaeocystis","ice_area_flux_current",-6922.2,-0.0337009634142084,-0.0368599449950876,-0.0285039727974956,1209,5
"Phaeocystis","ice_area_flux_current",-4113,-0.0354401308326856,-0.0381890237946735,-0.0302038182444261,1612,5
"Phaeocystis","ice_area_flux_current",-790,-0.033196462355522,-0.0358488840121772,-0.0270436289516419,1687,5
"Phaeocystis","ice_area_flux_current",4800.65,-0.037156651989809,-0.0390493513709821,-0.0302114529847118,1559,5
"Phaeocystis","ice_area_flux_lag1",-143980.5,0.0377025689802326,0.0297650930596605,0.0445317139414871,1332,5
"Phaeocystis","ice_area_flux_lag1",-109727.15,0.0347991760027218,0.026427032023751,0.0406481497174528,1519,5
"Phaeocystis","ice_area_flux_lag1",-98890.4,0.0353924737830499,0.0286242220857797,0.0404410058238798,1392,5
"Phaeocystis","ice_area_flux_lag1",-92388.6,0.0357239918317081,0.0291683416774419,0.039891628561627,1438,5
"Phaeocystis","ice_area_flux_lag1",-83075.95,0.0486651679610254,0.0423399059481846,0.053183645758044,1570,5
"Phaeocystis","ice_area_flux_lag1",-73180.6,0.0497237094516787,0.0470587064180855,0.0529147459974329,1560,5
"Phaeocystis","ice_area_flux_lag1",-65703.1,0.0282420096567788,0.023515841691266,0.0325059018548183,1656,5
"Phaeocystis","ice_area_flux_lag1",-59318.95,0.0518745082385776,0.0466810501591103,0.0548314904845857,1359,5
"Phaeocystis","ice_area_flux_lag1",-57087.7,0.00678016120066397,0.00223271769336315,0.013032601159881,1418,5
"Phaeocystis","ice_area_flux_lag1",-52428.75,-0.00669201081875231,-0.0107469947348811,-0.00400583058627588,1740,5
"Phaeocystis","ice_area_flux_lag1",-46458.55,-0.0116914271186942,-0.015690209326389,-0.00836358789896664,1462,5
"Phaeocystis","ice_area_flux_lag1",-41696.5,-0.0234965218544176,-0.0283465903901004,-0.0211423320762037,1398,5
"Phaeocystis","ice_area_flux_lag1",-37485.5,-0.0254023214291689,-0.0280386481145309,-0.0219017887453392,1511,5
"Phaeocystis","ice_area_flux_lag1",-34042.15,-0.021499437023767,-0.0258027715243773,-0.0161445748550298,1495,5
"Phaeocystis","ice_area_flux_lag1",-29113.8,-0.0191098540939747,-0.0235695893641248,-0.0167306221878145,1471,5
"Phaeocystis","ice_area_flux_lag1",-22279.4,-0.0393674804396205,-0.0407855711149317,-0.0349333620195921,1615,5
"Phaeocystis","ice_area_flux_lag1",-17055.05,-0.0385163007806319,-0.039541824016918,-0.0345710537108007,1488,5
"Phaeocystis","ice_area_flux_lag1",-13933.1,-0.0367210527430038,-0.0387524531673153,-0.0323066336820121,1234,5
"Phaeocystis","ice_area_flux_lag1",-8274.95,-0.0469045662632613,-0.0498737081911259,-0.0447909120075988,1603,5
"Phaeocystis","ice_area_flux_lag1",2004.65,-0.0477045360553814,-0.0535671779408083,-0.0424345923155945,1739,5
"Phaeocystis","ice_area_flux_lag2",-167123.35,0.0290717643515621,0.0260626395564556,0.0318203855793176,1372,5
"Phaeocystis","ice_area_flux_lag2",-149032.65,0.0373214609750783,0.037089795747458,0.0387092666712068,1472,5
"Phaeocystis","ice_area_flux_lag2",-131478,0.0369757335329054,0.0369704477337549,0.0389613164981862,1388,5
"Phaeocystis","ice_area_flux_lag2",-116519.65,0.0387836188595286,0.0379429467971229,0.041588569933061,1535,5
"Phaeocystis","ice_area_flux_lag2",-110905.7,0.037347339664066,0.0374283248898792,0.039006226359915,1429,5
"Phaeocystis","ice_area_flux_lag2",-105966.6,0.0372556617118673,0.0377718971133288,0.038689854366124,1541,5
"Phaeocystis","ice_area_flux_lag2",-98890.4,0.037307319251752,0.0381370540363187,0.0402074609356383,1629,5
"Phaeocystis","ice_area_flux_lag2",-92388.6,0.0186795787903912,0.0176456288084254,0.0200263929827891,1571,5
"Phaeocystis","ice_area_flux_lag2",-85134.95,0.018336612200689,0.0177646805380407,0.0199227451199323,1342,5
"Phaeocystis","ice_area_flux_lag2",-77819.75,0.0179032793818932,0.0158422754532878,0.0198465179794983,1482,5
"Phaeocystis","ice_area_flux_lag2",-73151.45,0.0320077529211267,0.0294008841709587,0.0348851862058588,1581,5
"Phaeocystis","ice_area_flux_lag2",-65720.7,-0.0259604622336799,-0.0277946949808697,-0.0245573357794468,1367,5
"Phaeocystis","ice_area_flux_lag2",-59740.55,-0.0150403666720595,-0.017983265868224,-0.0134188159795784,1558,5
"Phaeocystis","ice_area_flux_lag2",-57837.25,-0.030623763771362,-0.0315997986173029,-0.0298084159620908,1601,5
"Phaeocystis","ice_area_flux_lag2",-52774.3,-0.04241074333516,-0.0427046195127318,-0.0415703339689156,1479,5
"Phaeocystis","ice_area_flux_lag2",-46458.55,-0.0425554100947884,-0.0443901275903615,-0.041144889722852,1599,5
"Phaeocystis","ice_area_flux_lag2",-40950.3,-0.0473968924122742,-0.0490828203588327,-0.0469991965993683,1542,5
"Phaeocystis","ice_area_flux_lag2",-34872.2,-0.0401693416299508,-0.0425765207099974,-0.0419052658799492,1238,5
"Phaeocystis","ice_area_flux_lag2",-26066.9,-0.0446032913608964,-0.0491875485305683,-0.045367151881873,1582,5
"Phaeocystis","ice_area_flux_lag2",-17781.3,-0.0450495866972659,-0.0493025737910237,-0.0455846689246812,1692,5
"Phaeocystis","ice_volume_flux_cumOct",-2285.6,-0.0420769287919519,-0.0423813079356799,-0.0397864639181957,1340,5
"Phaeocystis","ice_volume_flux_cumOct",-1990.8,-0.0384867408239398,-0.0411209569733161,-0.0364904487807424,1461,5
"Phaeocystis","ice_volume_flux_cumOct",-1830.75,-0.0377884972040149,-0.0382292526739685,-0.0354303238703022,1535,5
"Phaeocystis","ice_volume_flux_cumOct",-1781.8,-0.0323867217116296,-0.0346482979650505,-0.0314332407696493,1426,5
"Phaeocystis","ice_volume_flux_cumOct",-1714.4,-0.0288435869891246,-0.0308408950664905,-0.0272844889344714,1572,5
"Phaeocystis","ice_volume_flux_cumOct",-1650.9,-0.0261184788867888,-0.0286267207714378,-0.0237550417177167,1631,5
"Phaeocystis","ice_volume_flux_cumOct",-1621.9,-0.0270170187006567,-0.0288101080873546,-0.0243808520629131,1293,5
"Phaeocystis","ice_volume_flux_cumOct",-1544.75,-0.0253288408054371,-0.0267153396018608,-0.0258743094038394,1412,5
"Phaeocystis","ice_volume_flux_cumOct",-1455.3,-0.00126071413709103,-0.00240638349897651,0.00098682942597092,1743,5
"Phaeocystis","ice_volume_flux_cumOct",-1389.45,0.00288575277200564,0.000428023672174878,0.00631839614956646,1541,5
"Phaeocystis","ice_volume_flux_cumOct",-1315.35,-0.00190329150321401,-0.00461473789697465,0.00137341157099868,1245,5
"Phaeocystis","ice_volume_flux_cumOct",-1255.05,0.000749895594581711,-0.00256676906035615,0.00384197556550011,1545,5
"Phaeocystis","ice_volume_flux_cumOct",-1209.2,0.0301161607062602,0.0293614854813692,0.0299514929942132,1565,5
"Phaeocystis","ice_volume_flux_cumOct",-1172.85,0.0358358420312543,0.0329476468618042,0.0385712778562175,1526,5
"Phaeocystis","ice_volume_flux_cumOct",-1137.9,0.0401382019552901,0.0363029570335675,0.0449141846921245,1534,5
"Phaeocystis","ice_volume_flux_cumOct",-1060.65,0.0334078488633118,0.0321402958167254,0.0353478247655493,1520,5
"Phaeocystis","ice_volume_flux_cumOct",-988.8,0.03070226824264,0.0292492932125424,0.0342086148681831,1338,5
"Phaeocystis","ice_volume_flux_cumOct",-970.4,0.0312488762950029,0.0303280845354415,0.0345094562570263,1449,5
"Phaeocystis","ice_volume_flux_cumOct",-920.95,0.0255963575765724,0.0223578505665655,0.0262393794057932,1751,5
"Phaeocystis","ice_volume_flux_cumOct",-784.3,0.0184701202519088,0.0148927270302667,0.0206393691032955,1573,5
"Phaeocystis","ice_volume_flux_current",-245.6,0.00431493454112746,0.00227972162732811,0.0093039638921866,1419,5
"Phaeocystis","ice_volume_flux_current",-166.2,0.00582382882993766,0.00349675818714618,0.01000882975591,1334,5
"Phaeocystis","ice_volume_flux_current",-129.25,0.00300202478774804,0.0016212730328303,0.00688979667287675,1629,5
"Phaeocystis","ice_volume_flux_current",-111.95,0.00415272147982705,0.00160246264126641,0.00846129467331713,1604,5
"Phaeocystis","ice_volume_flux_current",-102,0.00334757865864673,0.00104166753690399,0.00780150117037724,1253,5
"Phaeocystis","ice_volume_flux_current",-93.55,0.000665974041700587,-0.000970568251724188,0.00146901879194088,1707,5
"Phaeocystis","ice_volume_flux_current",-86.25,-0.00457640654083906,-0.00648497628143682,-0.00485900110055025,1467,5
"Phaeocystis","ice_volume_flux_current",-76.65,-0.00561696290531535,-0.00635844621642192,-0.00573768076373413,1056,5
"Phaeocystis","ice_volume_flux_current",-62,-0.00630536605338605,-0.00778985496638024,-0.00464257139403867,1979,5
"Phaeocystis","ice_volume_flux_current",-52.3,0.00227537815319859,0.000834450788431904,0.00224591478586879,1532,5
"Phaeocystis","ice_volume_flux_current",-44.05,-0.00736019139461879,-0.010128522769595,-0.00301695625713639,1379,5
"Phaeocystis","ice_volume_flux_current",-35.55,-0.0101914882348947,-0.0119981994016565,-0.00872582158959627,1429,5
"Phaeocystis","ice_volume_flux_current",-32,0.00134803322605703,0.00122462756064274,0.00267703949473635,1540,5
"Phaeocystis","ice_volume_flux_current",-27.15,-0.00194522108306473,-0.00315441897959269,-4.51140360805541e-05,1510,5
"Phaeocystis","ice_volume_flux_current",-22.9,-0.00258584962104548,-0.00279110963046045,-0.001222858479467,1541,5
"Phaeocystis","ice_volume_flux_current",-17.6,-0.00574706001441611,-0.00705859024004258,-0.00300725012440911,1554,5
"Phaeocystis","ice_volume_flux_current",-10.35,-0.00396633012905254,-0.00536515743992555,-0.00232020957182167,1520,5
"Phaeocystis","ice_volume_flux_current",-5.7,0.0131187861911394,0.0117910591906898,0.0146510834203723,1320,5
"Phaeocystis","ice_volume_flux_current",-1.5,0.00561321902464093,0.00274728858342334,0.00634389509715682,1685,5
"Phaeocystis","ice_volume_flux_current",10.25,0.00558183718673142,0.00328324842487581,0.00685217627868468,1542,5
"Phaeocystis","ice_volume_flux_lag1",-284.9,0.0210684292182025,0.0148741440866972,0.0262097985978087,1482,5
"Phaeocystis","ice_volume_flux_lag1",-227.35,0.0281168683540006,0.0264196488053818,0.0314628906028272,1413,5
"Phaeocystis","ice_volume_flux_lag1",-192.45,0.0337578744870152,0.0320834293026528,0.0378405703240224,1426,5
"Phaeocystis","ice_volume_flux_lag1",-163.3,0.0354034602769067,0.0326211639902127,0.0381050926007336,1643,5
"Phaeocystis","ice_volume_flux_lag1",-143.85,0.0249661085613554,0.0235260230727412,0.0254386014586119,1198,5
"Phaeocystis","ice_volume_flux_lag1",-133.1,0.0153382950077786,0.014142144426957,0.0166663604538757,1835,5
"Phaeocystis","ice_volume_flux_lag1",-120.7,0.0126594898986154,0.0119194462332524,0.0129702082016218,1446,5
"Phaeocystis","ice_volume_flux_lag1",-113.25,0.0186571452386883,0.0159898111931862,0.0201437159301332,1330,5
"Phaeocystis","ice_volume_flux_lag1",-103.55,-0.00901113055536456,-0.0114766403523461,-0.00705709829345661,1580,5
"Phaeocystis","ice_volume_flux_lag1",-93.9,-0.0102092527978383,-0.0133316447166636,-0.00811723557243022,1547,5
"Phaeocystis","ice_volume_flux_lag1",-89.2,-0.0180661723533019,-0.0185434014274561,-0.0174375956343294,1462,5
"Phaeocystis","ice_volume_flux_lag1",-83.5,-0.0184542946488466,-0.0184005499779366,-0.0182021836289662,1516,5
"Phaeocystis","ice_volume_flux_lag1",-71.85,-0.0217168973629972,-0.0224785219420705,-0.0204402682708781,1455,5
"Phaeocystis","ice_volume_flux_lag1",-58.75,-0.0213902652658412,-0.0233306628438956,-0.0196025697472194,1564,5
"Phaeocystis","ice_volume_flux_lag1",-52.15,-0.0131201077295517,-0.0147751238088373,-0.0103285865519276,1450,5
"Phaeocystis","ice_volume_flux_lag1",-43.6,-0.014240111586913,-0.0171589161339932,-0.011679258880857,1496,5
"Phaeocystis","ice_volume_flux_lag1",-30.3,-0.00439901264978987,-0.00652240654992726,-0.0013926415209945,1581,5
"Phaeocystis","ice_volume_flux_lag1",-22.3,-0.00668559672721818,-0.00750487965910883,-0.0041473727201908,1198,5
"Phaeocystis","ice_volume_flux_lag1",-13.35,-0.0214145837351654,-0.0230888191870234,-0.0206844458970124,1639,5
"Phaeocystis","ice_volume_flux_lag1",6,-0.0221798107938302,-0.0251589431307747,-0.0203017490854988,1739,5
"Phaeocystis","ice_volume_flux_lag2",-362.55,0.00120012367862388,0.000945198337742425,0.00181885607790624,1281,5
"Phaeocystis","ice_volume_flux_lag2",-273.8,0.0053139310419977,0.00434648403788828,0.00587409285620289,1701,5
"Phaeocystis","ice_volume_flux_lag2",-247.2,0.00447455616993061,0.00417561944637705,0.00469438423358732,1308,5
"Phaeocystis","ice_volume_flux_lag2",-232.9,-0.00202688535334834,-0.0032541564139125,-0.000848967678690377,1576,5
"Phaeocystis","ice_volume_flux_lag2",-208.25,-0.00807038492995711,-0.0110338292362751,-0.00527595800047713,1507,5
"Phaeocystis","ice_volume_flux_lag2",-187.65,-0.00301267684141612,-0.00520002461958759,0.000964681383709737,1527,5
"Phaeocystis","ice_volume_flux_lag2",-174,-0.0048889429534955,-0.00752410215615486,-0.00263297766133669,1485,5
"Phaeocystis","ice_volume_flux_lag2",-157.5,0.00109377371377688,0.00160210217187516,0.00229873447323726,1562,5
"Phaeocystis","ice_volume_flux_lag2",-144.7,0.005725302650768,0.00448697620942869,0.00682994194946527,1244,5
"Phaeocystis","ice_volume_flux_lag2",-135.25,0.00353127778180536,0.00255574926972087,0.00449346230398494,1701,5
"Phaeocystis","ice_volume_flux_lag2",-122.75,-0.00139034803301459,-0.00257718577369259,-0.000127057769890394,1397,5
"Phaeocystis","ice_volume_flux_lag2",-115.4,-0.00333655205672868,-0.00383893296455452,-0.0015123132959329,1558,5
"Phaeocystis","ice_volume_flux_lag2",-110.25,-4.73089133448959e-05,-0.00078059397479063,0.000283496496888366,1477,5
"Phaeocystis","ice_volume_flux_lag2",-101.75,-0.00595429940458595,-0.00687011154487923,-0.00452996830964189,1583,5
"Phaeocystis","ice_volume_flux_lag2",-93.15,-0.00223081795181156,-0.00405951368557523,0.000782739807526243,1281,5
"Phaeocystis","ice_volume_flux_lag2",-86.95,-0.00180488855175623,-0.00249406523645393,-0.000270633297831805,1432,5
"Phaeocystis","ice_volume_flux_lag2",-77.5,-0.00825077582690425,-0.0109548710380261,-0.00642245879696172,1546,5
"Phaeocystis","ice_volume_flux_lag2",-62.2,-0.00341860364918967,-0.00397852619745715,-0.0031185377424874,1530,5
"Phaeocystis","ice_volume_flux_lag2",-49.05,0.0128045258776528,0.0107677002359389,0.0148666608903059,1583,5
"Phaeocystis","ice_volume_flux_lag2",-34.55,0.00914899614029361,0.00545410687789923,0.0128720958382206,1721,5
"Phaeocystis","latitude",70.4375,-0.0408614004589576,-0.0435444610779381,-0.0395833513208926,1374,5
"Phaeocystis","latitude",71,-0.0411689157413167,-0.0430021485943791,-0.039635387453711,1388,5
"Phaeocystis","latitude",71.4375,-0.0418374455343503,-0.0432771584904691,-0.040968462638052,1416,5
"Phaeocystis","latitude",71.8125,-0.0415612810565123,-0.0417080950336062,-0.0408864320119632,1534,5
"Phaeocystis","latitude",72.1875,-0.0385041150909709,-0.0381770133185067,-0.0376400659438704,1561,5
"Phaeocystis","latitude",72.5625,-0.0336418787100016,-0.0339119786639324,-0.0329153087411852,1436,5
"Phaeocystis","latitude",72.9375,-0.0256829595305938,-0.0266691938579852,-0.0242909301728817,1421,5
"Phaeocystis","latitude",73.3125,-0.0231977145356707,-0.0238860763909675,-0.0226092985176758,1410,5
"Phaeocystis","latitude",73.75,-0.017257978466216,-0.0183609547499726,-0.0176871023670318,1897,5
"Phaeocystis","latitude",74.1875,-0.00901682845584985,-0.0112159110697426,-0.007285580669657,1394,5
"Phaeocystis","latitude",74.5625,-0.00570129705292065,-0.00805110845968082,-0.00319233996043399,1348,5
"Phaeocystis","latitude",75,0.00469803331275879,0.00274897002049562,0.00773057432412651,1751,5
"Phaeocystis","latitude",75.4375,0.0118757001217634,0.01097040450379,0.0143501419556969,1269,5
"Phaeocystis","latitude",75.875,0.0195763320440287,0.0186582651835404,0.0207755379623016,1600,5
"Phaeocystis","latitude",76.375,0.0243842807750572,0.0220978112947527,0.0250154415587019,1518,5
"Phaeocystis","latitude",76.9375,0.0246004068315152,0.0215048030579143,0.0285661790097753,1591,5
"Phaeocystis","latitude",77.625,0.0336240507238449,0.0330655444634816,0.0363943566645965,1563,5
"Phaeocystis","latitude",78.4375,0.0576364436392524,0.0577804650205406,0.0622004039676785,1500,5
"Phaeocystis","latitude",79.5,0.0785184637902875,0.0775049568162963,0.0795799811488712,1453,5
"Phaeocystis","latitude",81.75,0.052681055232429,0.0516556924706995,0.0559999162788399,1576,5
"Phaeocystis","longitude",-19.8125,-0.0138499949811447,-0.0176310607287928,-0.0133229763387374,1472,5
"Phaeocystis","longitude",-12.875,-0.00678079189558741,-0.0092634993604839,-0.00671736133103421,1481,5
"Phaeocystis","longitude",-9.5625,-0.00153092246341373,-0.00385440605207956,-0.000187812056801406,1509,5
"Phaeocystis","longitude",-6.75,-0.00785964762735494,-0.0111565952652146,-0.0054728071484309,1503,5
"Phaeocystis","longitude",-4.0625,0.00059493045284027,-0.00193939226470438,0.00240882661275246,1502,5
"Phaeocystis","longitude",-1.625,0.00814131986278999,0.00704193430546007,0.0100782486226177,1465,5
"Phaeocystis","longitude",0.625,0.0117910592861581,0.0102060662381063,0.0140266220362604,1487,5
"Phaeocystis","longitude",2.875,0.017458539119182,0.0167204163874964,0.0185121078576595,1578,5
"Phaeocystis","longitude",5.0625,0.0144180475980517,0.0124162295037594,0.0160716224105354,1479,5
"Phaeocystis","longitude",7.125,0.0117506954030207,0.0110957959698907,0.0120739327446005,1467,5
"Phaeocystis","longitude",9.1875,0.0135048373413905,0.0124549473820839,0.0142065953312835,1501,5
"Phaeocystis","longitude",11.5,0.0146216511442976,0.0143065074507485,0.0154231107754648,1545,5
"Phaeocystis","longitude",14.1875,0.0218602168424561,0.0203973611233778,0.0248583870860549,1510,5
"Phaeocystis","longitude",17.25,0.0157430309316049,0.0122799049302504,0.0201140418810303,1482,5
"Phaeocystis","longitude",20.5,0.00371416858002107,0.00144240929799404,0.00619887731497697,1486,5
"Phaeocystis","longitude",23.6875,-0.00744113189334544,-0.0101218309209769,-0.00353910447858195,1511,5
"Phaeocystis","longitude",26.5625,-0.0138001232817748,-0.0159694979492341,-0.0113247705023604,1450,5
"Phaeocystis","longitude",29.125,-0.0226581066261405,-0.0227050378073566,-0.0215367091377517,1515,5
"Phaeocystis","longitude",31.5,-0.026696183236336,-0.0278952705557358,-0.0266082897852777,1472,5
"Phaeocystis","longitude",33.75,-0.0326538341506571,-0.0371737005330986,-0.0324793196924102,1585,5
"Phaeocystis","mlotst",3.3439808011055,-0.00940720344230562,-0.0101696178469856,-0.00856632126219804,1500,5
"Phaeocystis","mlotst",3.97269619703293,-0.00770275329096641,-0.00825751572184249,-0.0067350763874779,1500,5
"Phaeocystis","mlotst",4.35526299476624,-0.00576559809188982,-0.00609916534704539,-0.00528064233757887,1500,5
"Phaeocystis","mlotst",4.69006006717682,-0.0046582837385623,-0.00483424445650676,-0.00473733697451639,1500,5
"Phaeocystis","mlotst",4.98129134178162,-0.00288623731325676,-0.00306952825699772,-0.0026257904278398,1500,5
"Phaeocystis","mlotst",5.27555522918701,-0.0012170300068753,-0.00149714905108205,-0.000792575552133353,1500,5
"Phaeocystis","mlotst",5.56517120599747,0.000584614500782592,0.00038588834736002,0.000841434685816263,1500,5
"Phaeocystis","mlotst",5.83736873865128,0.00254479691568841,0.00191975617453459,0.00263944820814072,1500,5
"Phaeocystis","mlotst",6.14274145364761,0.00292842038729341,0.00272481419553855,0.00299702716446915,1500,5
"Phaeocystis","mlotst",6.51168130636215,0.00317471743910743,0.00316465696315445,0.00333018900429389,1500,5
"Phaeocystis","mlotst",6.94745781421661,0.00272185006378339,0.00268546739610871,0.00289143374037257,1500,5
"Phaeocystis","mlotst",7.4457447052002,0.00397409562892047,0.00390565089286438,0.00415605722709365,1500,5
"Phaeocystis","mlotst",8.03821132183075,0.00360780574594196,0.00313338476800197,0.00418951203261889,1500,5
"Phaeocystis","mlotst",8.78878605365753,0.00481177709917284,0.00463175974824327,0.00502451861691694,1500,5
"Phaeocystis","mlotst",9.78355951309204,0.00478551133270471,0.00426059334429501,0.00502804585881706,1500,5
"Phaeocystis","mlotst",11.2025205135345,0.00392123507168801,0.00383540851756836,0.00462582862887312,1500,5
"Phaeocystis","mlotst",13.397737121582,0.00340936719436642,0.00295271312810184,0.00355311091028693,1500,5
"Phaeocystis","mlotst",17.4181635856629,-0.00289801747847972,-0.00363950320070622,-0.00304027654574372,1500,5
"Phaeocystis","mlotst",26.1389148712159,-0.00878277278297791,-0.00959136857945216,-0.00886258759667997,1500,5
"Phaeocystis","mlotst",763.389398288727,0.0068537047658642,0.00346738006801666,0.00738775007904122,1500,5
"Phaeocystis","qnet_wm2",-175.507891464233,-0.023708551534522,-0.0275958740446853,-0.0210022416220328,1500,5
"Phaeocystis","qnet_wm2",-144.057303237915,-0.0140069418271,-0.015657729903279,-0.0130287992366923,1500,5
"Phaeocystis","qnet_wm2",-133.651097869873,-0.0116387017584275,-0.0127729250638749,-0.0103647312210899,1500,5
"Phaeocystis","qnet_wm2",-125.557604980469,-0.0108042765962878,-0.0109880613405133,-0.0105536021858364,1500,5
"Phaeocystis","qnet_wm2",-118.786698913574,-0.00616470067009347,-0.00648019212243952,-0.00557999430793427,1500,5
"Phaeocystis","qnet_wm2",-112.455151367187,-0.00239987713675105,-0.00266163475477717,-0.00190586247573368,1500,5
"Phaeocystis","qnet_wm2",-106.086956787109,-0.00154955082880085,-0.0022718001236459,-0.00162566433446079,1499,5
"Phaeocystis","qnet_wm2",-99.6903961181641,6.0351390000897e-05,-0.000704307118667848,0.000205000177904584,1501,5
"Phaeocystis","qnet_wm2",-93.4285877227783,0.00354831655411497,0.0036997684873615,0.00418471817634017,1500,5
"Phaeocystis","qnet_wm2",-86.9671230316162,0.00703649726390423,0.00712351282426078,0.00826160715362294,1500,5
"Phaeocystis","qnet_wm2",-80.160428237915,0.0102133660260736,0.00927911861034315,0.0109494049942774,1500,5
"Phaeocystis","qnet_wm2",-73.0012722015381,0.00990750785993805,0.00865893038277728,0.0107655939180666,1500,5
"Phaeocystis","qnet_wm2",-65.4066024780273,0.00473567516469509,0.0046224960537454,0.00540859945174627,1500,5
"Phaeocystis","qnet_wm2",-58.0454429626465,-0.00114733199518705,-0.0023408124699035,0.000618318088040026,1500,5
"Phaeocystis","qnet_wm2",-50.7333885192871,-0.00310397874247176,-0.00481421106083301,-0.00132032551688157,1500,5
"Phaeocystis","qnet_wm2",-43.0316192626953,-0.00352226564685866,-0.00361731789840603,-0.0030767625058647,1500,5
"Phaeocystis","qnet_wm2",-34.9049072265625,0.00152959147111826,-0.000550597389836073,0.00320639780566259,1500,5
"Phaeocystis","qnet_wm2",-25.7159118652344,0.00584805739640542,0.00450669958912832,0.00674363044282938,1500,5
"Phaeocystis","qnet_wm2",-13.8873882293701,0.0214730887668041,0.0197095713178545,0.0232125663526698,1500,5
"Phaeocystis","qnet_wm2",48.7390338897705,0.0136926515752997,0.00973607056077377,0.0171346094703295,1500,5
"Phaeocystis","siconc",-5.55111512312578e-17,-0.0214338946040768,-0.0230707805393273,-0.0195764198892704,122,5
"Phaeocystis","siconc",0.0151992904327534,-0.00510650707873185,-0.00542627674126558,-0.00478920944550259,25378,5
"Phaeocystis","siconc",0.131678075667372,0.0159477730927868,0.0155076159792517,0.0171897790954136,1500,5
"Phaeocystis","siconc",0.386086270024381,0.0445700372522815,0.0422770713733714,0.0436928342236487,1500,5
"Phaeocystis","siconc",0.767967858554301,0.0276207708454345,0.0238071324423424,0.0328526301694807,1500,5
"Phaeocystis","siconc_lag1",-5.55111512312578e-17,-0.00614457215942787,-0.00593660914324758,-0.00578338915969239,102,5
"Phaeocystis","siconc_lag1",5.61418319154365e-08,-0.000422171441191724,-0.00058129097546576,-0.000133782534655998,22398,5
"Phaeocystis","siconc_lag1",0.0390312708509234,0.00304261545106966,0.00279548447695053,0.00376197048022668,1500,5
"Phaeocystis","siconc_lag1",0.187950357550851,0.00333633578544748,0.00285906893031236,0.0046210819810757,1500,5
"Phaeocystis","siconc_lag1",0.426959799023873,0.00716087454001283,0.00684076364251885,0.00759410486304709,1500,5
"Phaeocystis","siconc_lag1",0.658160658594695,0.00749748547302914,0.0054580848133921,0.00896132127400789,1500,5
"Phaeocystis","siconc_lag1",0.879186031179312,-0.0143156163828432,-0.0150061617958036,-0.0130220845561194,1500,5
"Phaeocystis","sithick",-5.55111512312578e-17,-0.0209843808350726,-0.0231826946256143,-0.0197316808900425,142,5
"Phaeocystis","sithick",0.00688009171764841,-0.00249350589377062,-0.00266694373512338,-0.00224399718303047,25358,5
"Phaeocystis","sithick",0.104021847043743,0.0104772742984638,0.00930792420308026,0.010738513401895,1500,5
"Phaeocystis","sithick",0.443059171983754,0.0198319916609234,0.0189499501077797,0.0207416288420879,1500,5
"Phaeocystis","sithick",3.1706699471746,0.0138308037291566,0.0121965039570952,0.0166578306244953,1500,5
"Phaeocystis","sithick_lag1",-5.55111512312578e-17,-0.00856077776871367,-0.0099601180356481,-0.00720246287704826,107,5
"Phaeocystis","sithick_lag1",2.83166842087477e-08,-0.00145318944436414,-0.00174916233228526,-0.00117195565253458,22393,5
"Phaeocystis","sithick_lag1",0.0181279352195964,0.00245207633348623,0.00186141482008644,0.00326096482012162,1500,5
"Phaeocystis","sithick_lag1",0.133478709664102,0.00350747923726243,0.003377420297585,0.00409557979024888,1500,5
"Phaeocystis","sithick_lag1",0.417957694165218,0.00759229923886786,0.00698938881168167,0.00798449869178849,1500,5
"Phaeocystis","sithick_lag1",0.860966880145731,0.00822331458231266,0.0076137784850681,0.00876024172239595,1500,5
"Phaeocystis","sithick_lag1",3.36796851695009,0.000529680240669814,-0.000815404678828944,0.00287531799659409,1500,5
"Phaeocystis","so",28.719456577301,-0.0157164053580098,-0.0168625950168758,-0.0160411863522448,1500,5
"Phaeocystis","so",32.7376334190369,-0.0193252589472581,-0.0212218874304904,-0.016758035970373,1500,5
"Phaeocystis","so",33.5146910667419,-0.0174448689811295,-0.018952031285382,-0.0150043254218555,1500,5
"Phaeocystis","so",33.8864081382751,-0.0146509515286994,-0.016512238478031,-0.0125815701627452,1500,5
"Phaeocystis","so",34.1593770027161,-0.00724980049635395,-0.00809211884265227,-0.00598263280539686,1500,5
"Phaeocystis","so",34.3616950035095,0.00151553425657459,-0.000500200842119318,0.00376804543914391,1500,5
"Phaeocystis","so",34.4996685028076,0.00634744533743228,0.00450110989327291,0.00776332450348823,1500,5
"Phaeocystis","so",34.5969903945923,0.00790065540304331,0.00709786769608012,0.00790831663216781,1500,5
"Phaeocystis","so",34.6702027320862,0.00990211379747659,0.0087131653264634,0.0115450586939271,1500,5
"Phaeocystis","so",34.7281674385071,0.0106835789085698,0.0100375826088675,0.0115959610963238,1500,5
"Phaeocystis","so",34.7779176712036,0.0109906988486542,0.0109638134733719,0.0116006866569698,1500,5
"Phaeocystis","so",34.8213991165161,0.0133718802672202,0.0133108285511097,0.0139345314563748,1500,5
"Phaeocystis","so",34.8635138511658,0.0143195646881798,0.0131812504293958,0.0151101826583851,1500,5
"Phaeocystis","so",34.9046219825745,0.0114493549576308,0.0110102010448029,0.0119752700496097,1500,5
"Phaeocystis","so",34.9425378799438,0.00432302837654194,0.00361317200173397,0.00569129156326519,1499,5
"Phaeocystis","so",34.978018951416,0.00161955943551416,0.00131949849283188,0.00352530344061206,1501,5
"Phaeocystis","so",35.0123578071594,-0.00176848442258581,-0.00168738644555388,-0.00029557731796017,1500,5
"Phaeocystis","so",35.0458579063416,-0.00270778084175437,-0.00587639829821053,-0.00112922726585593,1500,5
"Phaeocystis","so",35.0802186965942,-0.00713010274292531,-0.00936579929312088,-0.00529093592062786,1500,5
"Phaeocystis","so",35.1377075195312,-0.00642795864549405,-0.00917647131781334,-0.00535891417034269,1500,5
"Phaeocystis","thetao",-1.60977289676666,0.0994392545775964,0.0963213851352383,0.103817726448166,1500,5
"Phaeocystis","thetao",-0.722433920204639,0.0525233655508189,0.051222757620391,0.054474043226484,1500,5
"Phaeocystis","thetao",0.30328124910593,0.0334216964023529,0.0309075290904551,0.0356332606972867,1500,5
"Phaeocystis","thetao",1.16496098935604,0.0154335414002295,0.0150481165570875,0.0161542357584682,1500,5
"Phaeocystis","thetao",1.94730623364449,0.00581293879811445,0.00540742089359068,0.00620775356101455,1500,5
"Phaeocystis","thetao",2.62087122797966,0.00688943150148832,0.00637608871044781,0.00739389737754938,1500,5
"Phaeocystis","thetao",3.22959906458855,0.0033772726333922,0.00226970896783205,0.00395689267019494,1500,5
"Phaeocystis","thetao",3.78788873553276,-0.00155865667209329,-0.00245587506720576,-0.000987852498256586,1500,5
"Phaeocystis","thetao",4.29063400030136,-0.00569227390834226,-0.00654757288609435,-0.00647162162612133,1500,5
"Phaeocystis","thetao",4.74536036252975,-0.00773464858817495,-0.00781032086719424,-0.00728219154490141,1500,5
"Phaeocystis","thetao",5.15914047956467,-0.0101004702527813,-0.0101885952324861,-0.00916454063918043,1500,5
"Phaeocystis","thetao",5.53641427755356,-0.0118447335875102,-0.011459228367151,-0.0109420288567434,1500,5
"Phaeocystis","thetao",5.90449076890946,-0.0143575630516477,-0.0146614870170924,-0.0140684908339773,1500,5
"Phaeocystis","thetao",6.29200044870377,-0.0161900271518044,-0.016769724662675,-0.0160865206731696,1500,5
"Phaeocystis","thetao",6.71280429363251,-0.0157472733730183,-0.0163740328239439,-0.0157095155138015,1500,5
"Phaeocystis","thetao",7.16784131526947,-0.0183678005773902,-0.0188954000558953,-0.0176101171139853,1500,5
"Phaeocystis","thetao",7.69122985601425,-0.0266149139574228,-0.0281368336600245,-0.0253453693959347,1500,5
"Phaeocystis","thetao",8.33572520017624,-0.0320116218029149,-0.033570016070028,-0.0313632745594114,1500,5
"Phaeocystis","thetao",9.12790832519531,-0.0307338434895964,-0.0317561246064903,-0.0292821532127279,1500,5
"Phaeocystis","thetao",11.8442385196686,-0.0259436744512961,-0.0277323813966647,-0.0222965024608322,1500,5
"Phaeocystis","u10_ms",-4.48714413642883,0.00291319011276286,0.00144355733799034,0.00546601417653746,1500,5
"Phaeocystis","u10_ms",-2.47573642730713,0.00261744780661419,0.00318577163205766,0.00426769741930771,1500,5
"Phaeocystis","u10_ms",-1.92855386734009,0.00440960822965508,0.00393799438168425,0.00564024823035119,1500,5
"Phaeocystis","u10_ms",-1.56627173423767,0.00311508124462704,0.00333251753118996,0.00360759518546657,1500,5
"Phaeocystis","u10_ms",-1.27422707080841,0.000915553245714602,0.000442092130824093,0.00119617448841589,1500,5
"Phaeocystis","u10_ms",-1.01970841884613,0.00167239844048379,0.00148536473961511,0.00235030540481898,1500,5
"Phaeocystis","u10_ms",-0.782431483268738,0.0040905368955247,0.0038588639054113,0.00489841959260885,1500,5
"Phaeocystis","u10_ms",-0.556042695045471,0.00226464461950221,0.00183947407021272,0.00372146268532657,1500,5
"Phaeocystis","u10_ms",-0.336241030693054,0.00197965061403388,0.00199404248560776,0.00211067570247255,1500,5
"Phaeocystis","u10_ms",-0.134456610679626,-0.000332792399835127,-0.00115011905745734,-0.000502886857834478,1500,5
"Phaeocystis","u10_ms",0.0554615736007691,0.00267645373936871,0.00238259732352208,0.00325719258904283,1500,5
"Phaeocystis","u10_ms",0.244192099571228,0.000960284744172444,0.000296018657964282,0.00148566483011126,1500,5
"Phaeocystis","u10_ms",0.433669924736023,-0.0018377005855762,-0.0021462154690224,-0.00147795602581237,1500,5
"Phaeocystis","u10_ms",0.631356263160706,-0.00294979138016944,-0.00435493522890368,-0.00146486047771063,1500,5
"Phaeocystis","u10_ms",0.849999737739563,7.04337837195326e-05,-0.00184838941142195,0.00182251034747577,1500,5
"Phaeocystis","u10_ms",1.0992623090744,0.00300104672344718,0.00211392555967622,0.00338071175923273,1500,5
"Phaeocystis","u10_ms",1.38545875549316,0.00398687261476561,0.00312124156378196,0.00538136080459538,1500,5
"Phaeocystis","u10_ms",1.72764925956726,-0.00371099911593046,-0.00508139982311837,-0.00221157243254023,1500,5
"Phaeocystis","u10_ms",2.22208890914917,-0.00961397130091873,-0.0105335544866432,-0.00899769275110892,1500,5
"Phaeocystis","u10_ms",3.82696070671082,-0.0162279480319619,-0.0184667164156051,-0.0144273578891633,1500,5
"Phaeocystis","v10_ms",-5.22996804714203,-0.00281556356853035,-0.00330813616399126,-0.00132067227217834,1500,5
"Phaeocystis","v10_ms",-3.35898492336273,0.000777449255675077,-0.00166837221763185,0.00214758859373032,1500,5
"Phaeocystis","v10_ms",-2.82399249076843,0.00504174069629386,0.00301835920068635,0.00646295733222696,1500,5
"Phaeocystis","v10_ms",-2.41916728019714,0.00825907138409461,0.00736929844636919,0.00948655703980036,1499,5
"Phaeocystis","v10_ms",-2.06217181682587,0.00604753727733376,0.0055193842696725,0.00688476653567781,1501,5
"Phaeocystis","v10_ms",-1.74978787899017,0.00566263612291599,0.00445102310685544,0.00663475024578809,1500,5
"Phaeocystis","v10_ms",-1.46472475528717,0.0044263903854033,0.00333995495531826,0.0050282871051397,1500,5
"Phaeocystis","v10_ms",-1.20515768527985,0.00337682302253429,0.00285624642033064,0.00409916783754392,1500,5
"Phaeocystis","v10_ms",-0.97615692615509,0.00300872779124345,0.00205387749207253,0.0039483896542752,1500,5
"Phaeocystis","v10_ms",-0.755188298225403,0.00345996194764803,0.00280740181620872,0.00449469559363594,1500,5
"Phaeocystis","v10_ms",-0.530504512786865,-0.000345355442331213,-0.00129399313917712,0.00134639192265698,1500,5
"Phaeocystis","v10_ms",-0.305661392211914,-0.000942540598802854,-0.00146298116079079,7.48856459166225e-05,1500,5
"Phaeocystis","v10_ms",-0.0811277151107782,-0.003423386326542,-0.0044721737675862,-0.00295423209144015,1500,5
"Phaeocystis","v10_ms",0.148046851158143,-0.00585940293776534,-0.00698984474711466,-0.00445377959945014,1500,5
"Phaeocystis","v10_ms",0.376087236404419,-0.00973745158362308,-0.0108687805369104,-0.00851747485198346,1500,5
"Phaeocystis","v10_ms",0.617090034484863,-0.00775640190437783,-0.00848088681569242,-0.00755607835404101,1500,5
"Phaeocystis","v10_ms",0.884289598464966,-0.00707374783134811,-0.00819961558584775,-0.00570291459442451,1500,5
"Phaeocystis","v10_ms",1.21576657295227,-0.00556587911487389,-0.0075338706246264,-0.00473133722361806,1500,5
"Phaeocystis","v10_ms",1.73703584671021,-0.00385407677232752,-0.00678992124389139,-0.00299304031118668,1500,5
"Phaeocystis","v10_ms",4.24870538711548,0.00731494255345099,0.00435405820565744,0.00977581800611499,1500,5
